{
"type": "FeatureCollection",
"name": "CPAs",
"crs": { "type": "name", "properties": { "name": "urn:ogc:def:crs:OGC:1.3:CRS84" } },
"features": [
{ "type": "Feature", "properties": { "Project": "PPWS", "Category": "CPA", "Eng_Name": "Ronus-Khnhaeng", "Prakas_Ha": 1734, "Kh_Uni": "រនុស-ខ្ញែង", "ID": 1, "Field": "រនុស-ខ្ញែង", "Field2": "1738", "Size": 1734 }, "geometry": { "type": "Polygon", "coordinates": [ [ [ 106.941887276044497, 12.680589687005005, 0.0 ], [ 106.942245022439849, 12.679939656360737, 0.0 ], [ 106.942232792023106, 12.678326420542838, 0.0 ], [ 106.943456100659361, 12.677538809325616, 0.0 ], [ 106.943464200170794, 12.67753359380441, 0.0 ], [ 106.945400989583433, 12.676286597431558, 0.0 ], [ 106.945928978054752, 12.675598118334925, 0.0 ], [ 106.945956962866447, 12.675561627832174, 0.0 ], [ 106.946722975928623, 12.674562765275553, 0.0 ], [ 106.947605143287433, 12.674225385087428, 0.0 ], [ 106.947636378522503, 12.674213439151416, 0.0 ], [ 106.948873376322993, 12.673740350088137, 0.0 ], [ 106.949314050384274, 12.672371533494209, 0.0 ], [ 106.949364280065694, 12.672215509692622, 0.0 ], [ 106.949810605252281, 12.670829126405639, 0.0 ], [ 106.949812277839953, 12.67082393345723, 0.0 ], [ 106.950077295735809, 12.670000723395423, 0.0 ], [ 106.948828154694525, 12.667791564484675, 0.0 ], [ 106.945640958869816, 12.667310732875855, 0.0 ], [ 106.94582721233391, 12.664788553642408, 0.0 ], [ 106.946159963464581, 12.654501181601448, 0.0 ], [ 106.942725855199285, 12.649717818215144, 0.0 ], [ 106.942631319690435, 12.649586135713593, 0.0 ], [ 106.93436204189463, 12.642386310787881, 0.0 ], [ 106.93071597912656, 12.635455226227355, 0.0 ], [ 106.928816362066144, 12.628612273967059, 0.0 ], [ 106.931549978491319, 12.623449974099696, 0.0 ], [ 106.929242063158497, 12.616912464407253, 0.0 ], [ 106.927136981944116, 12.615585773432958, 0.0 ], [ 106.926904557320142, 12.615775345870887, 0.0 ], [ 106.9260622098504, 12.615261339246834, 0.0 ], [ 106.923528503354603, 12.614194406429922, 0.0 ], [ 106.920378444126399, 12.615147247521106, 0.0 ], [ 106.919302377405344, 12.619030693482802, 0.0 ], [ 106.91711206066077, 12.621681917121563, 0.0 ], [ 106.915874610488302, 12.625101431947952, 0.0 ], [ 106.91542181156251, 12.627895198067113, 0.0 ], [ 106.916383976254082, 12.629903658191314, 0.0 ], [ 106.918307198918569, 12.633765542247881, 0.0 ], [ 106.921176513530227, 12.637465558447492, 0.0 ], [ 106.925311164651063, 12.641466449023437, 0.0 ], [ 106.925177689706899, 12.644722993714769, 0.0 ], [ 106.921396965554578, 12.64583548018954, 0.0 ], [ 106.917305089104929, 12.64757026919577, 0.0 ], [ 106.91470460232263, 12.649945649364946, 0.0 ], [ 106.91199933826158, 12.649965083449201, 0.0 ], [ 106.908511269634445, 12.650905277629832, 0.0 ], [ 106.903210563799121, 12.655432824131614, 0.0 ], [ 106.905028284427345, 12.6575821511017, 0.0 ], [ 106.907351187125244, 12.661506903724415, 0.0 ], [ 106.906227376140251, 12.664611759869757, 0.0 ], [ 106.908818228922627, 12.666000820929197, 0.0 ], [ 106.909119609077365, 12.667969349109613, 0.0 ], [ 106.912568549881939, 12.669070678527314, 0.0 ], [ 106.928670982081186, 12.675147931619529, 0.0 ], [ 106.932404665493465, 12.675965389099261, 0.0 ], [ 106.932147667844859, 12.679908586110495, 0.0 ], [ 106.93474942295596, 12.682704888563549, 0.0 ], [ 106.937890607770484, 12.680992861466914, 0.0 ], [ 106.941887276044497, 12.680589687005005, 0.0 ] ] ] } },
{ "type": "Feature", "properties": { "Project": "PPWS", "Category": "CPA", "Eng_Name": "Pu Tong-Pu Huong Nam Hang", "Prakas_Ha": 2913, "Kh_Uni": "ពូទុង ពូហ៊ូង-ណាំហាំង", "ID": 2, "Field": "ពូទុង ពូហ៊ូង-ណាំហាំង", "Field2": "2913", "Size": 2913 }, "geometry": { "type": "Polygon", "coordinates": [ [ [ 106.840410289650194, 12.59468836730932, 0.0 ], [ 106.841332271611464, 12.593117203174524, 0.0 ], [ 106.846400289734788, 12.583514082140487, 0.0 ], [ 106.850926686213185, 12.572522917843683, 0.0 ], [ 106.853863870008638, 12.562238579678949, 0.0 ], [ 106.854381444265627, 12.560321367845267, 0.0 ], [ 106.856667460237389, 12.558043985141428, 0.0 ], [ 106.857082221121772, 12.557915475301469, 0.0 ], [ 106.85678131349249, 12.557472706264928, 0.0 ], [ 106.854803742768922, 12.5534310704801, 0.0 ], [ 106.85317366947497, 12.550601687497839, 0.0 ], [ 106.850489728043769, 12.548056391926188, 0.0 ], [ 106.847279346317663, 12.545394912400852, 0.0 ], [ 106.844944123216692, 12.543426803819168, 0.0 ], [ 106.842492766940708, 12.541459466903959, 0.0 ], [ 106.842053488233176, 12.541159943516284, 0.0 ], [ 106.839140747838556, 12.543096478200923, 0.0 ], [ 106.833818478208244, 12.547463578491216, 0.0 ], [ 106.828813099615218, 12.552137771170377, 0.0 ], [ 106.820354548325597, 12.558382037496273, 0.0 ], [ 106.814714554669848, 12.56244165543078, 0.0 ], [ 106.814729746885192, 12.564606916980402, 0.0 ], [ 106.816002411886515, 12.566454323428987, 0.0 ], [ 106.810386011519356, 12.573916442102407, 0.0 ], [ 106.810631830967267, 12.576067896354228, 0.0 ], [ 106.808520305056277, 12.577331768914467, 0.0 ], [ 106.805079907298591, 12.580757710614391, 0.0 ], [ 106.803863407680353, 12.586952691213222, 0.0 ], [ 106.800116517524273, 12.591618016128621, 0.0 ], [ 106.796980005590356, 12.593495143848397, 0.0 ], [ 106.791968789659592, 12.597550192619956, 0.0 ], [ 106.790421946782089, 12.601581985469277, 0.0 ], [ 106.789528614705063, 12.609012148422154, 0.0 ], [ 106.791467888193182, 12.616113980674683, 0.0 ], [ 106.79462625714973, 12.617330131723659, 0.0 ], [ 106.799663701914781, 12.616986886360337, 0.0 ], [ 106.802813445165086, 12.616965637755216, 0.0 ], [ 106.802876545817497, 12.617044191796985, 0.0 ], [ 106.808776216394236, 12.613831934621681, 0.0 ], [ 106.817694994812271, 12.608417049843148, 0.0 ], [ 106.817868828954872, 12.607892807454416, 0.0 ], [ 106.822243277633603, 12.602913635717579, 0.0 ], [ 106.828817799670929, 12.597300704340929, 0.0 ], [ 106.834781950673872, 12.594475840587325, 0.0 ], [ 106.840410289650194, 12.59468836730932, 0.0 ] ] ] } },
{ "type": "Feature", "properties": { "Project": "PPWS", "Category": "CPA", "Eng_Name": "Srae Thom-Mleng", "Prakas_Ha": 3000, "Kh_Uni": "ស្រែធំ-ម្លឹង", "ID": 3, "Field": "ស្រែធំ-ម្លឹង", "Field2": "3034", "Size": 3000 }, "geometry": { "type": "Polygon", "coordinates": [ [ [ 106.986930704827898, 12.917240754826951, 0.0 ], [ 106.987205457308008, 12.916844952421078, 0.0 ], [ 106.987841740448872, 12.916383602809399, 0.0 ], [ 106.988776104622062, 12.91683299866205, 0.0 ], [ 106.989716344705514, 12.918024169511959, 0.0 ], [ 106.991181503330978, 12.919382523730183, 0.0 ], [ 106.992403126390428, 12.919373206999337, 0.0 ], [ 106.992919438325785, 12.918456254306665, 0.0 ], [ 106.993308540100514, 12.916170753574287, 0.0 ], [ 106.99417975817066, 12.915992913864894, 0.0 ], [ 106.995933517574628, 12.917063720842242, 0.0 ], [ 106.996580661391178, 12.917971785836462, 0.0 ], [ 106.997753174705224, 12.919104083139089, 0.0 ], [ 106.998623942485111, 12.918869168293417, 0.0 ], [ 106.999255664585888, 12.917837197538134, 0.0 ], [ 106.999185691142245, 12.916354091880921, 0.0 ], [ 106.998896137888394, 12.915934764675939, 0.0 ], [ 106.996856559692091, 12.91608659150867, 0.0 ], [ 106.99662069956689, 12.915688951755634, 0.0 ], [ 106.996490306857581, 12.91392098941315, 0.0 ], [ 106.996134030690939, 12.913010700276759, 0.0 ], [ 106.995255579480428, 12.912275588035023, 0.0 ], [ 106.994200810517896, 12.911313564196075, 0.0 ], [ 106.993553242844328, 12.910348429576947, 0.0 ], [ 106.994010008996042, 12.909260741735844, 0.0 ], [ 106.994883918798251, 12.909425261911332, 0.0 ], [ 106.996355386301289, 12.911582428640386, 0.0 ], [ 106.997524237740109, 12.91225825420609, 0.0 ], [ 106.999094845581425, 12.912246242617854, 0.0 ], [ 107.00128943184238, 12.910232235358301, 0.0 ], [ 107.001920217233277, 12.909086142905263, 0.0 ], [ 107.001907439619856, 12.907580458292491, 0.0 ], [ 107.001376255464535, 12.906522470380837, 0.0 ], [ 107.002483066276227, 12.90487014180575, 0.0 ], [ 107.003220856386491, 12.904397009352037, 0.0 ], [ 107.005093622727358, 12.905809227054371, 0.0 ], [ 107.005903892623905, 12.905289444223742, 0.0 ], [ 107.005053570357248, 12.903536466759244, 0.0 ], [ 107.004019309397364, 12.902393684246352, 0.0 ], [ 107.003189055474223, 12.9004028398983, 0.0 ], [ 107.002769620667095, 12.898865349795305, 0.0 ], [ 107.002944787038345, 12.898166301684364, 0.0 ], [ 107.004162456724259, 12.898455239099398, 0.0 ], [ 107.004565537248695, 12.89793858309654, 0.0 ], [ 107.004492830067036, 12.896113123464247, 0.0 ], [ 107.005628435955444, 12.892623577369601, 0.0 ], [ 107.006086489736219, 12.891707057837181, 0.0 ], [ 107.005790207023523, 12.891024572640198, 0.0 ], [ 107.00416111913286, 12.890979991253211, 0.0 ], [ 107.003803045203369, 12.889841472445514, 0.0 ], [ 107.004315635663744, 12.888468033546287, 0.0 ], [ 107.005403033324484, 12.887403430310588, 0.0 ], [ 107.006682669987811, 12.886224440374923, 0.0 ], [ 107.006851254274309, 12.885481329808458, 0.0 ], [ 107.005622084404393, 12.884520677785428, 0.0 ], [ 107.005259477472123, 12.882811564057766, 0.0 ], [ 107.003859012865917, 12.882251653810126, 0.0 ], [ 107.003619554556224, 12.881397540139668, 0.0 ], [ 107.004372047635528, 12.880935276557221, 0.0 ], [ 107.005710255070767, 12.880982093834257, 0.0 ], [ 107.006704025754573, 12.881602174295523, 0.0 ], [ 107.00716206141432, 12.880685655685308, 0.0 ], [ 107.006685400084748, 12.879262733494981, 0.0 ], [ 107.005132072433284, 12.877666498613456, 0.0 ], [ 107.003761839422964, 12.877344970593317, 0.0 ], [ 107.004741526028951, 12.876196212781124, 0.0 ], [ 107.007529669939387, 12.875718357998485, 0.0 ], [ 107.008630200575098, 12.875139292784487, 0.0 ], [ 107.010948476447155, 12.874094376006408, 0.0 ], [ 107.011532821312031, 12.874432268214617, 0.0 ], [ 107.010555905897021, 12.875923402329084, 0.0 ], [ 107.011433340443503, 12.876544358139444, 0.0 ], [ 107.013231803709587, 12.875959914379841, 0.0 ], [ 107.014215083416758, 12.875267602568428, 0.0 ], [ 107.013744777988109, 12.874643527282611, 0.0 ], [ 107.012115346498618, 12.874541920928282, 0.0 ], [ 107.012109883371849, 12.873857207955146, 0.0 ], [ 107.013381232080803, 12.87282031072766, 0.0 ], [ 107.014484467323655, 12.872583580238063, 0.0 ], [ 107.015640389109166, 12.871661687312857, 0.0 ], [ 107.016860394567189, 12.871481111965197, 0.0 ], [ 107.018943212887194, 12.870095570661064, 0.0 ], [ 107.019522074196317, 12.869748734858382, 0.0 ], [ 107.019225336619783, 12.869009206549114, 0.0 ], [ 107.017009327193307, 12.868284453431537, 0.0 ], [ 107.016887989859995, 12.867657697066189, 0.0 ], [ 107.017757646770562, 12.867308627825857, 0.0 ], [ 107.018804062505211, 12.867243508313337, 0.0 ], [ 107.020070781945094, 12.865635996475264, 0.0 ], [ 107.020642778398852, 12.864433273647773, 0.0 ], [ 107.022558359711596, 12.863962003173596, 0.0 ], [ 107.023109834165936, 12.864239500455989, 0.0 ], [ 107.024306322235233, 12.864347951148952, 0.0 ], [ 107.025301888476832, 12.865196200042282, 0.0 ], [ 107.026422943060865, 12.867184722616132, 0.0 ], [ 107.027878758378733, 12.867401714005455, 0.0 ], [ 107.028626112512256, 12.866311746943881, 0.0 ], [ 107.028498326977314, 12.864886175646227, 0.0 ], [ 107.027730845883539, 12.863417461567964, 0.0 ], [ 107.027371311839431, 12.862155896891794, 0.0 ], [ 107.026844682262038, 12.861760531463712, 0.0 ], [ 107.026662420392924, 12.860791877801422, 0.0 ], [ 107.027464256407455, 12.859244995066549, 0.0 ], [ 107.028152519904722, 12.858041363603455, 0.0 ], [ 107.028485420094356, 12.856041604839227, 0.0 ], [ 107.028749705259756, 12.854425393412486, 0.0 ], [ 107.028744121618899, 12.852045236055687, 0.0 ], [ 107.030362849513608, 12.85083440724479, 0.0 ], [ 107.031797462053106, 12.848426686641627, 0.0 ], [ 107.03306355319431, 12.846762077859879, 0.0 ], [ 107.0331688456602, 12.84539176698055, 0.0 ], [ 107.033907401007355, 12.843217679487005, 0.0 ], [ 107.034768221737252, 12.841784454711958, 0.0 ], [ 107.036394210152764, 12.841486540573483, 0.0 ], [ 107.036797603504567, 12.841026914502223, 0.0 ], [ 107.036203525361543, 12.840470849231181, 0.0 ], [ 107.036263658963449, 12.839718623427338, 0.0 ], [ 107.036839670001129, 12.839029410886122, 0.0 ], [ 107.036076797446569, 12.838179392565849, 0.0 ], [ 107.035378052527363, 12.838070683090221, 0.0 ], [ 107.035542865643251, 12.836871098290095, 0.0 ], [ 107.036231501299952, 12.835724516950586, 0.0 ], [ 107.037857908345401, 12.835483658020719, 0.0 ], [ 107.040416573763778, 12.835463800786265, 0.0 ], [ 107.04254838947675, 12.835537765519621, 0.0 ], [ 107.043289293160271, 12.835598396423999, 0.0 ], [ 107.044722080830368, 12.835715638330891, 0.0 ], [ 107.046348933079088, 12.835531786917288, 0.0 ], [ 107.046633687433882, 12.834787764691722, 0.0 ], [ 107.045568975466892, 12.832570639637659, 0.0 ], [ 107.043642170389703, 12.831615576512194, 0.0 ], [ 107.043120033956299, 12.831027727596037, 0.0 ], [ 107.042931466918034, 12.830023364400295, 0.0 ], [ 107.043325158320201, 12.828365505462109, 0.0 ], [ 107.043487629876068, 12.826880629923119, 0.0 ], [ 107.043652404718387, 12.825681045960652, 0.0 ], [ 107.043702987053038, 12.825466773038565, 0.0 ], [ 107.043450558972054, 12.825177321600206, 0.0 ], [ 107.042310219567995, 12.824628875021082, 0.0 ], [ 107.039475740990298, 12.825287797727501, 0.0 ], [ 107.038086883610475, 12.824104335579264, 0.0 ], [ 107.034520925814533, 12.824609643537354, 0.0 ], [ 107.028036091564303, 12.825376282171266, 0.0 ], [ 107.027397870133115, 12.826734674927195, 0.0 ], [ 107.025870359605221, 12.828498000503021, 0.0 ], [ 107.024176101388761, 12.829705292735078, 0.0 ], [ 107.02030008989351, 12.832043983094882, 0.0 ], [ 107.016990683778474, 12.83421904453731, 0.0 ], [ 107.016842375688952, 12.835971741894058, 0.0 ], [ 107.016694067412899, 12.837724440157693, 0.0 ], [ 107.015901099976148, 12.8400394008485, 0.0 ], [ 107.01535153718865, 12.842352492884492, 0.0 ], [ 107.015126524566654, 12.844663094967718, 0.0 ], [ 107.015455345146691, 12.845399919434589, 0.0 ], [ 107.012244026854916, 12.853081211987437, 0.0 ], [ 107.001122690052469, 12.860887484968449, 0.0 ], [ 106.990787347473443, 12.863404438767052, 0.0 ], [ 106.982946488143327, 12.867121307869409, 0.0 ], [ 106.978733141266488, 12.868414236653006, 0.0 ], [ 106.977791719900154, 12.870012367081532, 0.0 ], [ 106.972978272653492, 12.876133627299982, 0.0 ], [ 106.969669424230304, 12.881750138294409, 0.0 ], [ 106.97008956520888, 12.892601275388726, 0.0 ], [ 106.970467316709076, 12.898025576063596, 0.0 ], [ 106.971498930941777, 12.901306978405662, 0.0 ], [ 106.978783913200061, 12.910954979491907, 0.0 ], [ 106.982010735889162, 12.91619317108171, 0.0 ], [ 106.985870634013168, 12.916657227262599, 0.0 ], [ 106.986930704827898, 12.917240754826951, 0.0 ] ] ] } },
{ "type": "Feature", "properties": { "Project": "PPWS", "Category": "CPA", "Eng_Name": "Srae I-Num Phum", "Prakas_Ha": 1777, "Kh_Uni": "ស្រែអ៊ី-ណុំភំ", "ID": 4, "Field": "ស្រែអ៊ី-ណុំភំ", "Field2": "1777", "Size": 1777 }, "geometry": { "type": "Polygon", "coordinates": [ [ [ 107.072121183814431, 12.570008763663104, 0.0 ], [ 107.068373501055305, 12.568466174173633, 0.0 ], [ 107.066614279247659, 12.567031346499435, 0.0 ], [ 107.06497366561041, 12.56611529831604, 0.0 ], [ 107.062577160064521, 12.566181205367112, 0.0 ], [ 107.060300022910113, 12.566937613248061, 0.0 ], [ 107.058080276894017, 12.567464212331247, 0.0 ], [ 107.055861308630355, 12.568162519239404, 0.0 ], [ 107.053526724472832, 12.569149796447739, 0.0 ], [ 107.051480404009453, 12.569214053960152, 0.0 ], [ 107.050133553739457, 12.568642511603811, 0.0 ], [ 107.048902781604696, 12.567840722224641, 0.0 ], [ 107.047790007078689, 12.567268504961822, 0.0 ], [ 107.048077865232045, 12.565999787366104, 0.0 ], [ 107.048656396050504, 12.564326633907212, 0.0 ], [ 107.047947322261777, 12.562369570550299, 0.0 ], [ 107.047939197472473, 12.560181187021985, 0.0 ], [ 107.048808273273394, 12.558161223745088, 0.0 ], [ 107.048448792608269, 12.555685162525336, 0.0 ], [ 107.048149205688631, 12.553727226700339, 0.0 ], [ 107.048843670537522, 12.551881459557602, 0.0 ], [ 107.048777227485317, 12.549807632558746, 0.0 ], [ 107.049121131573983, 12.547847042028984, 0.0 ], [ 107.050163878317576, 12.545250680294782, 0.0 ], [ 107.050445618040342, 12.542485009254047, 0.0 ], [ 107.05008977452546, 12.541046087094184, 0.0 ], [ 107.049262926995723, 12.538801812685582, 0.0 ], [ 107.048729514181389, 12.538032613029433, 0.0 ], [ 107.048170619651501, 12.539111901300831, 0.0 ], [ 107.047086426435129, 12.53988522082034, 0.0 ], [ 107.044364449195371, 12.540364989832993, 0.0 ], [ 107.043187886165754, 12.539302872175677, 0.0 ], [ 107.042979654868034, 12.537823982382806, 0.0 ], [ 107.04168462885923, 12.53863286497571, 0.0 ], [ 107.040170431363919, 12.539459219488146, 0.0 ], [ 107.039618548467274, 12.539599219747696, 0.0 ], [ 107.038743040264961, 12.539605868858875, 0.0 ], [ 107.03750494785703, 12.540384845123947, 0.0 ], [ 107.033598128698898, 12.541682007815266, 0.0 ], [ 107.032495762030649, 12.542143049701378, 0.0 ], [ 107.032084592841727, 12.54259885717013, 0.0 ], [ 107.031815212502977, 12.543506284958225, 0.0 ], [ 107.031547250784669, 12.54459478153144, 0.0 ], [ 107.031000318884821, 12.545368501599377, 0.0 ], [ 107.02994649582871, 12.5461460555111, 0.0 ], [ 107.029440316046589, 12.546240423127733, 0.0 ], [ 107.025338055640248, 12.546135601829603, 0.0 ], [ 107.021976970982038, 12.546523102240846, 0.0 ], [ 107.019998307288233, 12.546900159779366, 0.0 ], [ 107.018524061824252, 12.546956521704191, 0.0 ], [ 107.017238016288118, 12.547509429432314, 0.0 ], [ 107.016459567491623, 12.548149057929145, 0.0 ], [ 107.015409556339222, 12.549424502748607, 0.0 ], [ 107.014126309229809, 12.550339537008607, 0.0 ], [ 107.013436838970421, 12.550571060846318, 0.0 ], [ 107.012425495720663, 12.55089553794739, 0.0 ], [ 107.011920351513766, 12.551125675560963, 0.0 ], [ 107.01155978362921, 12.552169589283794, 0.0 ], [ 107.010972318622166, 12.553667902943083, 0.0 ], [ 107.010287813087345, 12.554043336818316, 0.0 ], [ 107.012606354155565, 12.56461724157063, 0.0 ], [ 107.037270899052146, 12.578654481294365, 0.0 ], [ 107.04020411082837, 12.585611403891987, 0.0 ], [ 107.062472904131127, 12.580846817730604, 0.0 ], [ 107.064101344606016, 12.580150428570759, 0.0 ], [ 107.072781142186443, 12.576438370795188, 0.0 ], [ 107.072735799179071, 12.576255564579867, 0.0 ], [ 107.072409347690808, 12.574939410811419, 0.0 ], [ 107.074401561910349, 12.570702333010139, 0.0 ], [ 107.072121183814431, 12.570008763663104, 0.0 ] ] ] } },
{ "type": "Feature", "properties": { "Project": "PPWS", "Category": "CPA", "Eng_Name": "Chiklob-Phnom Choung Kdei Sangkhoem", "Prakas_Ha": 2989, "Kh_Uni": "ជីក្លប់-ភ្នំជួងក្តីសង្ឈឹម", "ID": 5, "Field": "ជីក្លប់-ភ្នំជួងក្តីសង្ឈឹម", "Field2": "2987", "Size": 2989 }, "geometry": { "type": "Polygon", "coordinates": [ [ [ 106.972112370737577, 12.954026134771347, 0.0 ], [ 106.963497774804338, 12.933166636679184, 0.0 ], [ 106.962178826548808, 12.925953527356192, 0.0 ], [ 106.963090755550311, 12.925389661012026, 0.0 ], [ 106.963803340075003, 12.924596803952229, 0.0 ], [ 106.964258692857342, 12.923758428205415, 0.0 ], [ 106.964187901273291, 12.923322844211024, 0.0 ], [ 106.963087620322312, 12.922704058952165, 0.0 ], [ 106.962267954386107, 12.922027797389029, 0.0 ], [ 106.962290724567964, 12.921477394859876, 0.0 ], [ 106.962406579117356, 12.920604288998625, 0.0 ], [ 106.962161081973221, 12.919840528501416, 0.0 ], [ 106.961842931203336, 12.918711524081019, 0.0 ], [ 106.961385642605038, 12.917678895365173, 0.0 ], [ 106.960916758390212, 12.917152521459917, 0.0 ], [ 106.960308169339356, 12.916509691290129, 0.0 ], [ 106.960026344968895, 12.915672334166649, 0.0 ], [ 106.961040915301467, 12.913135007651849, 0.0 ], [ 106.961075360389771, 12.912308836087506, 0.0 ], [ 106.960700238198655, 12.9114710496225, 0.0 ], [ 106.959211990011823, 12.909613455201127, 0.0 ], [ 106.958439201984362, 12.908811410243301, 0.0 ], [ 106.958111062472881, 12.908088509371382, 0.0 ], [ 106.9595603785516, 12.907169255013745, 0.0 ], [ 106.960284919629458, 12.906732222983292, 0.0 ], [ 106.960179123416566, 12.90608900746598, 0.0 ], [ 106.960435096400502, 12.904941429171865, 0.0 ], [ 106.960550536860779, 12.903644635591249, 0.0 ], [ 106.960877065079856, 12.902461502376029, 0.0 ], [ 106.961225899257158, 12.900889537723222, 0.0 ], [ 106.961669057911266, 12.899671634377706, 0.0 ], [ 106.962229665946069, 12.898524030037752, 0.0 ], [ 106.963023565308347, 12.89723683432827, 0.0 ], [ 106.964075099416434, 12.896421105633102, 0.0 ], [ 106.964753262250724, 12.895949389545834, 0.0 ], [ 106.964998306071777, 12.895249307966459, 0.0 ], [ 106.96479849405614, 12.894366145103126, 0.0 ], [ 106.96433000693159, 12.893884961150322, 0.0 ], [ 106.96418840824802, 12.893081578566683, 0.0 ], [ 106.964573357478429, 12.892082170517446, 0.0 ], [ 106.964279745727552, 12.890911600854437, 0.0 ], [ 106.96385707501679, 12.889879838918185, 0.0 ], [ 106.963687401981829, 12.889607748506672, 0.0 ], [ 106.939969547081134, 12.876961843954904, 0.0 ], [ 106.901044501967192, 12.877207644506527, 0.0 ], [ 106.90117858965526, 12.894977397938778, 0.0 ], [ 106.956275019491358, 12.933446863253462, 0.0 ], [ 106.957775198459615, 12.935559710316939, 0.0 ], [ 106.951044500181226, 12.94342866150672, 0.0 ], [ 106.970353699564299, 12.957680345569093, 0.0 ], [ 106.972112370737577, 12.954026134771347, 0.0 ] ] ] } },
{ "type": "Feature", "properties": { "Project": "PPWS", "Category": "CPA", "Eng_Name": "Lauka", "Prakas_Ha": 2226, "Kh_Uni": "ឡៅកា", "ID": 6, "Field": "ឡៅកា", "Field2": "2228", "Size": 2226 }, "geometry": { "type": "Polygon", "coordinates": [ [ [ 107.139397402171994, 12.655935986369849, 0.0 ], [ 107.140278665604043, 12.655453894422905, 0.0 ], [ 107.14092566501084, 12.654336622389952, 0.0 ], [ 107.141900358588828, 12.653446455476002, 0.0 ], [ 107.142889475882725, 12.652463902780179, 0.0 ], [ 107.14404361011978, 12.651229672278545, 0.0 ], [ 107.144652537793959, 12.650578479268328, 0.0 ], [ 107.145139060586104, 12.649499199135912, 0.0 ], [ 107.145927280263209, 12.647750636730466, 0.0 ], [ 107.145501628219634, 12.646802110935386, 0.0 ], [ 107.145101369791533, 12.645910161015504, 0.0 ], [ 107.144429126565456, 12.645570600274752, 0.0 ], [ 107.143401805694509, 12.645051679422174, 0.0 ], [ 107.142833087573507, 12.644254207196177, 0.0 ], [ 107.141848622693189, 12.642873749577829, 0.0 ], [ 107.140615141284755, 12.641354157369348, 0.0 ], [ 107.139805712204961, 12.640203194324739, 0.0 ], [ 107.139078244539363, 12.639237649957964, 0.0 ], [ 107.137964601515961, 12.637743315084268, 0.0 ], [ 107.137331000199751, 12.636880887535659, 0.0 ], [ 107.136783007318968, 12.636134979204355, 0.0 ], [ 107.135999350328575, 12.634951868427464, 0.0 ], [ 107.13533490768134, 12.633948726089672, 0.0 ], [ 107.134821991744914, 12.633174345439862, 0.0 ], [ 107.134440316905312, 12.632178396490691, 0.0 ], [ 107.13420015923802, 12.631551718656413, 0.0 ], [ 107.133827051415906, 12.630578108224009, 0.0 ], [ 107.133515138782073, 12.629764176479746, 0.0 ], [ 107.133172585092439, 12.629082652773386, 0.0 ], [ 107.132860516304675, 12.628461774952234, 0.0 ], [ 107.131966394168927, 12.629110007386712, 0.0 ], [ 107.131958438879238, 12.633701381342048, 0.0 ], [ 107.124046440366087, 12.634089895636821, 0.0 ], [ 107.118947404995623, 12.627369980649158, 0.0 ], [ 107.121783027957704, 12.620785802031273, 0.0 ], [ 107.116915681299986, 12.613096876045562, 0.0 ], [ 107.115447898383167, 12.604703060813495, 0.0 ], [ 107.113074365116162, 12.597621436466861, 0.0 ], [ 107.104409481453246, 12.581616323703813, 0.0 ], [ 107.103191278708934, 12.573874598545624, 0.0 ], [ 107.102681753759882, 12.573704409650299, 0.0 ], [ 107.10165764341005, 12.573362337671497, 0.0 ], [ 107.10007525939929, 12.573208808641754, 0.0 ], [ 107.098791924079976, 12.573084287660757, 0.0 ], [ 107.097564538721542, 12.572842420451922, 0.0 ], [ 107.096352417886962, 12.572603553852664, 0.0 ], [ 107.095632408540098, 12.572461662919805, 0.0 ], [ 107.093236265350384, 12.572469980564939, 0.0 ], [ 107.090363624208237, 12.572519431212331, 0.0 ], [ 107.089180272820627, 12.572602548550812, 0.0 ], [ 107.08786882850201, 12.572694656626553, 0.0 ], [ 107.086185012764318, 12.57281245718398, 0.0 ], [ 107.08506363954578, 12.572890068036978, 0.0 ], [ 107.084000275955574, 12.572963659412942, 0.0 ], [ 107.082627700195602, 12.572605371785945, 0.0 ], [ 107.081068755022969, 12.57219842481625, 0.0 ], [ 107.079673881907681, 12.571863874881148, 0.0 ], [ 107.078544824885597, 12.571651566611411, 0.0 ], [ 107.077103473920587, 12.571380527626497, 0.0 ], [ 107.076382746133987, 12.571244995060916, 0.0 ], [ 107.074689407870792, 12.570789878924879, 0.0 ], [ 107.074401561910349, 12.570702333010139, 0.0 ], [ 107.072409347690822, 12.574939410811419, 0.0 ], [ 107.072868789178926, 12.576198008442383, 0.0 ], [ 107.072735799179071, 12.576255564579883, 0.0 ], [ 107.063991762774904, 12.580039664746188, 0.0 ], [ 107.064101344606016, 12.580150428570779, 0.0 ], [ 107.064278036319564, 12.580329026629732, 0.0 ], [ 107.139397402171994, 12.655935986369849, 0.0 ] ] ] } },
{ "type": "Feature", "properties": { "Project": "PPWS", "Category": "CPA", "Eng_Name": "Phnom Rohav", "Prakas_Ha": 2956, "Kh_Uni": "ភ្នំរហាវ", "ID": 7, "Field": "ភ្នំរហាវ", "Field2": "2957", "Size": 2956 }, "geometry": { "type": "Polygon", "coordinates": [ [ [ 106.674289007430275, 12.610841255231708, 0.0 ], [ 106.677742445773191, 12.623073245820304, 0.0 ], [ 106.687447565692906, 12.63182575471407, 0.0 ], [ 106.688714393837472, 12.629559216816389, 0.0 ], [ 106.689937524098568, 12.627770185771125, 0.0 ], [ 106.691594156947616, 12.625760669531374, 0.0 ], [ 106.69344192473902, 12.62391889077553, 0.0 ], [ 106.697115963452418, 12.62275717445452, 0.0 ], [ 106.699945107833898, 12.622152019878879, 0.0 ], [ 106.701855426398637, 12.621877785242246, 0.0 ], [ 106.736443392915703, 12.589691657767029, 0.0 ], [ 106.735372975967636, 12.588342609003258, 0.0 ], [ 106.735191568683788, 12.587114350204928, 0.0 ], [ 106.735595304017906, 12.585988516576615, 0.0 ], [ 106.735611506224288, 12.584633547105964, 0.0 ], [ 106.735020468699091, 12.583224884797099, 0.0 ], [ 106.733845508961608, 12.581978201199473, 0.0 ], [ 106.732807282848853, 12.582418842326073, 0.0 ], [ 106.732072190286729, 12.582685759422048, 0.0 ], [ 106.731004055083247, 12.581840649784581, 0.0 ], [ 106.730003068366685, 12.580284332320975, 0.0 ], [ 106.729598092995886, 12.578736590000254, 0.0 ], [ 106.728556831966884, 12.578465333486974, 0.0 ], [ 106.728472197290486, 12.57793816987396, 0.0 ], [ 106.728573537184644, 12.577179286635234, 0.0 ], [ 106.727764976990173, 12.576781094263055, 0.0 ], [ 106.72763302151732, 12.576058745053807, 0.0 ], [ 106.727979370805514, 12.575207880423921, 0.0 ], [ 106.727335060176145, 12.574854955926686, 0.0 ], [ 106.727425941314621, 12.574337959418038, 0.0 ], [ 106.727084876742452, 12.573914149155875, 0.0 ], [ 106.727115785122521, 12.573030288498172, 0.0 ], [ 106.726063164130281, 12.572863052882521, 0.0 ], [ 106.726012358593906, 12.572059949111905, 0.0 ], [ 106.726383098213773, 12.571415719645746, 0.0 ], [ 106.725971061146382, 12.570785574008898, 0.0 ], [ 106.724872775520183, 12.570928246252508, 0.0 ], [ 106.723878907836692, 12.570771922515704, 0.0 ], [ 106.723744971819073, 12.56975013150031, 0.0 ], [ 106.723624695796886, 12.569051433827649, 0.0 ], [ 106.72296881933903, 12.568686140504651, 0.0 ], [ 106.722824152987172, 12.567779678148495, 0.0 ], [ 106.722880533468427, 12.567435793845018, 0.0 ], [ 106.722586350226251, 12.566966473238672, 0.0 ], [ 106.721869483529289, 12.566165387257458, 0.0 ], [ 106.721830890107967, 12.565466163004055, 0.0 ], [ 106.720992963763308, 12.56375958687406, 0.0 ], [ 106.720721563336184, 12.563255086897785, 0.0 ], [ 106.720192493778256, 12.56258047884597, 0.0 ], [ 106.718703981915951, 12.561817101066879, 0.0 ], [ 106.718711798609505, 12.561002316374243, 0.0 ], [ 106.718895808161051, 12.560301663299303, 0.0 ], [ 106.718612762316525, 12.559774634683924, 0.0 ], [ 106.718750248762547, 12.559257340382693, 0.0 ], [ 106.71937980791671, 12.558956112689636, 0.0 ], [ 106.720360224371007, 12.558653763818793, 0.0 ], [ 106.720300342005189, 12.558298195578711, 0.0 ], [ 106.719376477197542, 12.557057515114657, 0.0 ], [ 106.691974780840695, 12.560076386814577, 0.0 ], [ 106.689281804791008, 12.570832093444544, 0.0 ], [ 106.691475715855958, 12.572738947979303, 0.0 ], [ 106.692922858129563, 12.574429336867741, 0.0 ], [ 106.694357520292414, 12.576585981754111, 0.0 ], [ 106.695045784367778, 12.577894479877253, 0.0 ], [ 106.6946906528797, 12.578671186482319, 0.0 ], [ 106.692850701536969, 12.580642071940902, 0.0 ], [ 106.691380392601815, 12.582892602414349, 0.0 ], [ 106.690431345389001, 12.585039413184965, 0.0 ], [ 106.690126984383127, 12.585997686653881, 0.0 ], [ 106.69003632250238, 12.587575573981018, 0.0 ], [ 106.689936953780617, 12.588502745256559, 0.0 ], [ 106.689421713003924, 12.589902378282488, 0.0 ], [ 106.688510865587986, 12.591091811557289, 0.0 ], [ 106.68793097917019, 12.591573964736584, 0.0 ], [ 106.686557816235592, 12.593980669036659, 0.0 ], [ 106.68586176056742, 12.595178767255902, 0.0 ], [ 106.685159412014542, 12.596373320769841, 0.0 ], [ 106.683735914279794, 12.598751665564786, 0.0 ], [ 106.682287473582932, 12.601115449026281, 0.0 ], [ 106.680814244192803, 12.603464419441281, 0.0 ], [ 106.680068382528901, 12.604633271373212, 0.0 ], [ 106.674289007430275, 12.610841255231708, 0.0 ] ] ] } },
{ "type": "Feature", "properties": { "Project": "PPWS", "Category": "CPA", "Eng_Name": "Antrong Samki Sen Chey", "Prakas_Ha": 2021, "Kh_Uni": "អន្រ្ទងសាមគ្គីសែនជ័យ", "ID": 8, "Field": "អន្រ្ទងសាមគ្គីសែនជ័យ", "Field2": "2021", "Size": 2021 }, "geometry": { "type": "Polygon", "coordinates": [ [ [ 106.71293493258068, 12.730964570122621, 0.0 ], [ 106.717938168256239, 12.731451976344202, 0.0 ], [ 106.723762316982231, 12.732285346418738, 0.0 ], [ 106.73262781176004, 12.731926899691228, 0.0 ], [ 106.736285806150747, 12.732380919422278, 0.0 ], [ 106.739557230581596, 12.734553870742051, 0.0 ], [ 106.743026687233368, 12.737144691701859, 0.0 ], [ 106.745236038122982, 12.738270145034926, 0.0 ], [ 106.745176770982525, 12.738191179066133, 0.0 ], [ 106.745122032807132, 12.738112132593287, 0.0 ], [ 106.745089428754511, 12.737540685098441, 0.0 ], [ 106.745228417790798, 12.737317877068735, 0.0 ], [ 106.745526098021784, 12.736606198349858, 0.0 ], [ 106.745523327756175, 12.736444416104653, 0.0 ], [ 106.745457018916326, 12.736211965924388, 0.0 ], [ 106.745263963237107, 12.735961075677524, 0.0 ], [ 106.744815132167432, 12.735626278585919, 0.0 ], [ 106.744237702697703, 12.735211334197311, 0.0 ], [ 106.743676046440541, 12.734636625981407, 0.0 ], [ 106.743155956568813, 12.733890235033924, 0.0 ], [ 106.743129472814601, 12.733857122959801, 0.0 ], [ 106.743076655049592, 12.733810518982368, 0.0 ], [ 106.742888540319242, 12.733617892477216, 0.0 ], [ 106.74253578151864, 12.733266823996871, 0.0 ], [ 106.742486484602622, 12.733214349301498, 0.0 ], [ 106.74238623080457, 12.733108480677414, 0.0 ], [ 106.742219659225611, 12.732780634148963, 0.0 ], [ 106.742132137254629, 12.731851507762919, 0.0 ], [ 106.741957354092435, 12.731391300206733, 0.0 ], [ 106.741751045790465, 12.731050882662604, 0.0 ], [ 106.740939485451221, 12.72978553858835, 0.0 ], [ 106.740815668718909, 12.729526426718333, 0.0 ], [ 106.740748270178315, 12.728700068747374, 0.0 ], [ 106.740843412442615, 12.72839134343775, 0.0 ], [ 106.741483290153425, 12.727549814795941, 0.0 ], [ 106.741544737929871, 12.727473947731799, 0.0 ], [ 106.741909988486739, 12.72681516457755, 0.0 ], [ 106.741737715401143, 12.72640199009656, 0.0 ], [ 106.741683727981084, 12.726371387988438, 0.0 ], [ 106.741523445903098, 12.72627548938285, 0.0 ], [ 106.741336670226175, 12.72619627387955, 0.0 ], [ 106.740439348884294, 12.725773458500544, 0.0 ], [ 106.740225999040376, 12.725681751133244, 0.0 ], [ 106.739937289573874, 12.72555434058159, 0.0 ], [ 106.739669203535811, 12.725400687448383, 0.0 ], [ 106.739328767975152, 12.725074270776837, 0.0 ], [ 106.739258597756319, 12.725008545301895, 0.0 ], [ 106.739183567303385, 12.724930589246018, 0.0 ], [ 106.739051459878866, 12.724653876083957, 0.0 ], [ 106.739061431357172, 12.723869181535601, 0.0 ], [ 106.739076103178533, 12.723694327380374, 0.0 ], [ 106.738881697400075, 12.722900572130859, 0.0 ], [ 106.738805577303395, 12.722686564341542, 0.0 ], [ 106.73862216181746, 12.722087796286839, 0.0 ], [ 106.738415933506388, 12.721805722380438, 0.0 ], [ 106.73825020136529, 12.721601275427833, 0.0 ], [ 106.73798655553891, 12.721347195009223, 0.0 ], [ 106.737488688435306, 12.720597792862888, 0.0 ], [ 106.737067940433292, 12.720017385641167, 0.0 ], [ 106.736529496835971, 12.719600270625312, 0.0 ], [ 106.73636829581497, 12.719468659586987, 0.0 ], [ 106.73627893301709, 12.719409145727196, 0.0 ], [ 106.736133653376015, 12.719277874918991, 0.0 ], [ 106.735970101652001, 12.719154734194486, 0.0 ], [ 106.735893481335822, 12.719098479376111, 0.0 ], [ 106.735746360999528, 12.719011302431912, 0.0 ], [ 106.735584729281385, 12.718953048055001, 0.0 ], [ 106.734832856753044, 12.718756641581644, 0.0 ], [ 106.734556889162619, 12.718644482529367, 0.0 ], [ 106.734455786064999, 12.718610789192629, 0.0 ], [ 106.733799646578333, 12.718313284662436, 0.0 ], [ 106.733330282561013, 12.718065164269841, 0.0 ], [ 106.733047183933451, 12.718030461387938, 0.0 ], [ 106.732930327515191, 12.718074295274542, 0.0 ], [ 106.732669862807583, 12.718271711314214, 0.0 ], [ 106.732545965836351, 12.718451096110266, 0.0 ], [ 106.73241577792156, 12.718657052809956, 0.0 ], [ 106.731816136859194, 12.719015241952366, 0.0 ], [ 106.731071725191313, 12.719310396533769, 0.0 ], [ 106.730914793890946, 12.719379632039605, 0.0 ], [ 106.730305930950308, 12.719618621177721, 0.0 ], [ 106.729526554005503, 12.719820057015649, 0.0 ], [ 106.72888366727625, 12.719977560202848, 0.0 ], [ 106.728694621724458, 12.7199891307702, 0.0 ], [ 106.728464430440823, 12.719883172056026, 0.0 ], [ 106.728244040415476, 12.719662464723553, 0.0 ], [ 106.728166579762444, 12.719550555172411, 0.0 ], [ 106.727610443572843, 12.718890760454801, 0.0 ], [ 106.727283929445576, 12.718495778045355, 0.0 ], [ 106.727166063963253, 12.718265759824771, 0.0 ], [ 106.727069241079874, 12.717950573766274, 0.0 ], [ 106.726969057126809, 12.717685681823617, 0.0 ], [ 106.72657765430813, 12.716910378143705, 0.0 ], [ 106.725972151516814, 12.716298778069092, 0.0 ], [ 106.725241481945076, 12.715711499151274, 0.0 ], [ 106.724924599609039, 12.715478960231971, 0.0 ], [ 106.724428241932529, 12.715077017185392, 0.0 ], [ 106.723970109988514, 12.714588396177442, 0.0 ], [ 106.723574425650426, 12.714241269014012, 0.0 ], [ 106.723441898700912, 12.714143279823761, 0.0 ], [ 106.723069437733386, 12.713855836607246, 0.0 ], [ 106.72261691633868, 12.713331343880865, 0.0 ], [ 106.722589172453397, 12.713289089635108, 0.0 ], [ 106.722529981628256, 12.713126745148804, 0.0 ], [ 106.722510872059587, 12.713074331677308, 0.0 ], [ 106.72254063677812, 12.712176308994861, 0.0 ], [ 106.722630718987929, 12.712067030971919, 0.0 ], [ 106.722979155557411, 12.711644344761822, 0.0 ], [ 106.723249752168016, 12.711228650652426, 0.0 ], [ 106.723295188689207, 12.710961248894753, 0.0 ], [ 106.723251263054621, 12.710551505542101, 0.0 ], [ 106.723212787529746, 12.710399192913368, 0.0 ], [ 106.723092572068225, 12.710226098814829, 0.0 ], [ 106.722949051625193, 12.710138661461055, 0.0 ], [ 106.722816814500277, 12.710109380329081, 0.0 ], [ 106.722593193847899, 12.710059864654493, 0.0 ], [ 106.722149233658527, 12.710021562069059, 0.0 ], [ 106.72148035194607, 12.709967077160497, 0.0 ], [ 106.721358455320328, 12.709974117270272, 0.0 ], [ 106.721116692769229, 12.710052404092368, 0.0 ], [ 106.720567518446614, 12.710267340816022, 0.0 ], [ 106.720445881597698, 12.710318475720239, 0.0 ], [ 106.720196147460243, 12.710400702162861, 0.0 ], [ 106.720137379528197, 12.710420403805543, 0.0 ], [ 106.719973247192996, 12.710482178537164, 0.0 ], [ 106.719917249106786, 12.710500290249946, 0.0 ], [ 106.719548809999196, 12.71057195629675, 0.0 ], [ 106.719423982541869, 12.710584787005226, 0.0 ], [ 106.718719396701005, 12.710605828848637, 0.0 ], [ 106.718450209825178, 12.710608428620704, 0.0 ], [ 106.717913776852441, 12.710699376181651, 0.0 ], [ 106.717251186097172, 12.710799463985898, 0.0 ], [ 106.716666887204411, 12.710819836217416, 0.0 ], [ 106.716168429358873, 12.710742459115206, 0.0 ], [ 106.715925486606267, 12.710668023209696, 0.0 ], [ 106.715080061565843, 12.710335985934895, 0.0 ], [ 106.714956664649193, 12.710300533081664, 0.0 ], [ 106.714600215979459, 12.710141759877379, 0.0 ], [ 106.714485030707138, 12.710105967144395, 0.0 ], [ 106.71394658657529, 12.709954333698299, 0.0 ], [ 106.713663499556276, 12.709791460187994, 0.0 ], [ 106.713304530027486, 12.709552970718383, 0.0 ], [ 106.713217768308937, 12.709495126910278, 0.0 ], [ 106.712775148401391, 12.709169549686603, 0.0 ], [ 106.712732222626542, 12.709125876315422, 0.0 ], [ 106.712188918515508, 12.708456531211304, 0.0 ], [ 106.711737826882455, 12.708249813905713, 0.0 ], [ 106.711558512637723, 12.708217711272066, 0.0 ], [ 106.710548855153661, 12.708318718902303, 0.0 ], [ 106.709448835190912, 12.708588551144675, 0.0 ], [ 106.708544722976711, 12.709176168606307, 0.0 ], [ 106.708263644123321, 12.709398227311798, 0.0 ], [ 106.708194984623262, 12.709452631273873, 0.0 ], [ 106.707893113595716, 12.709591783488117, 0.0 ], [ 106.70728199113411, 12.709373494620039, 0.0 ], [ 106.707203189594779, 12.709299559049304, 0.0 ], [ 106.706924201993004, 12.708871803477651, 0.0 ], [ 106.706895448482925, 12.708783526647366, 0.0 ], [ 106.706800635357226, 12.708453589782994, 0.0 ], [ 106.706775152914943, 12.70837932353248, 0.0 ], [ 106.706526008581321, 12.707397382744883, 0.0 ], [ 106.706476211867482, 12.707178264887977, 0.0 ], [ 106.706377208005563, 12.707006670277764, 0.0 ], [ 106.706186071664632, 12.706867608556148, 0.0 ], [ 106.706127054884988, 12.706850677977517, 0.0 ], [ 106.705824933361555, 12.706794762598419, 0.0 ], [ 106.705735311146483, 12.706778672353988, 0.0 ], [ 106.705356820019048, 12.706705235872732, 0.0 ], [ 106.704709061372043, 12.70652459085899, 0.0 ], [ 106.704478530632699, 12.706461215530261, 0.0 ], [ 106.70433199059562, 12.706421061879206, 0.0 ], [ 106.703924574679675, 12.706303792302077, 0.0 ], [ 106.703726147330329, 12.706188952782295, 0.0 ], [ 106.703622953665757, 12.706110906015752, 0.0 ], [ 106.703448920679747, 12.705929421114682, 0.0 ], [ 106.702955333600912, 12.705244315580883, 0.0 ], [ 106.702638370290458, 12.70484463244971, 0.0 ], [ 106.70178313433756, 12.704308147758162, 0.0 ], [ 106.701500875292481, 12.704146284659867, 0.0 ], [ 106.7010072786466, 12.703811227530501, 0.0 ], [ 106.700966453171802, 12.703772833638386, 0.0 ], [ 106.700712448793098, 12.703335178393035, 0.0 ], [ 106.700661141134731, 12.703135761386944, 0.0 ], [ 106.70056440819981, 12.702732728815134, 0.0 ], [ 106.700540675650331, 12.702651242494944, 0.0 ], [ 106.700477557323794, 12.702498179612883, 0.0 ], [ 106.699838009208392, 12.701533679392483, 0.0 ], [ 106.69964059327539, 12.701182280980609, 0.0 ], [ 106.699192522160118, 12.700707491996166, 0.0 ], [ 106.699128973563205, 12.700641767347149, 0.0 ], [ 106.698991405658049, 12.700496914654195, 0.0 ], [ 106.698582319119026, 12.700290117142112, 0.0 ], [ 106.698509128877276, 12.700256504706248, 0.0 ], [ 106.698076991597958, 12.69994693857797, 0.0 ], [ 106.697824906878168, 12.699579188911427, 0.0 ], [ 106.697463767688546, 12.698929625332244, 0.0 ], [ 106.697427722547232, 12.698868010690003, 0.0 ], [ 106.697351942732624, 12.698755270699822, 0.0 ], [ 106.696951898263563, 12.698349797729588, 0.0 ], [ 106.696864126023399, 12.698231937525113, 0.0 ], [ 106.696725057620512, 12.697818514870425, 0.0 ], [ 106.69667341088676, 12.697660000691826, 0.0 ], [ 106.696635855771063, 12.697480446890461, 0.0 ], [ 106.696540793004218, 12.696901039342871, 0.0 ], [ 106.696507267678925, 12.696705052462418, 0.0 ], [ 106.696349326642675, 12.696409898464735, 0.0 ], [ 106.696005289543422, 12.696147277249574, 0.0 ], [ 106.695919358238854, 12.696101252966095, 0.0 ], [ 106.694805927198033, 12.695592011585205, 0.0 ], [ 106.693817313059967, 12.695543307226538, 0.0 ], [ 106.693116067637945, 12.695627223845483, 0.0 ], [ 106.692848231239637, 12.695585639903788, 0.0 ], [ 106.692744957368788, 12.695547917443678, 0.0 ], [ 106.692527917994795, 12.695351010807757, 0.0 ], [ 106.692480471523027, 12.695231981389524, 0.0 ], [ 106.692471670532342, 12.694877812037616, 0.0 ], [ 106.692622729950671, 12.694406044054432, 0.0 ], [ 106.692784862198152, 12.694096898150216, 0.0 ], [ 106.692837418965226, 12.693909542756129, 0.0 ], [ 106.692851331713712, 12.69344958496723, 0.0 ], [ 106.692736906424756, 12.693157370358048, 0.0 ], [ 106.692569242922104, 12.692671680761096, 0.0 ], [ 106.692392109395186, 12.692183231051111, 0.0 ], [ 106.692216235706539, 12.691675499412138, 0.0 ], [ 106.692197043743576, 12.691620254846676, 0.0 ], [ 106.692176403788153, 12.691575904681734, 0.0 ], [ 106.69214640581616, 12.691511445568516, 0.0 ], [ 106.69207313685898, 12.691002043829062, 0.0 ], [ 106.692043883235115, 12.690948639583585, 0.0 ], [ 106.691888632165401, 12.691046547714972, 0.0 ], [ 106.691622714819758, 12.6913116085555, 0.0 ], [ 106.691167014023421, 12.691303398212488, 0.0 ], [ 106.690645081721925, 12.691279506979658, 0.0 ], [ 106.690262400096159, 12.691331980466755, 0.0 ], [ 106.690032368843106, 12.691484873611264, 0.0 ], [ 106.689777944381675, 12.691715061840982, 0.0 ], [ 106.689610791944702, 12.691787408022153, 0.0 ], [ 106.689146788125313, 12.691849773082861, 0.0 ], [ 106.688738362697123, 12.692059170596666, 0.0 ], [ 106.688642209755344, 12.692177529668104, 0.0 ], [ 106.688425759839618, 12.692455411926607, 0.0 ], [ 106.688355840551139, 12.692494395830947, 0.0 ], [ 106.688161864599593, 12.69273388498409, 0.0 ], [ 106.68812368219433, 12.692792200201822, 0.0 ], [ 106.687992271374441, 12.692992906744998, 0.0 ], [ 106.687937283588411, 12.693260728245935, 0.0 ], [ 106.687901319062249, 12.693554702605601, 0.0 ], [ 106.687818746869624, 12.693659910553798, 0.0 ], [ 106.687749587930753, 12.693724626375728, 0.0 ], [ 106.687573703873639, 12.693816413710971, 0.0 ], [ 106.687272422788155, 12.693860507156593, 0.0 ], [ 106.687052193198667, 12.693967125759201, 0.0 ], [ 106.686887219776409, 12.694108797585805, 0.0 ], [ 106.686802968830904, 12.694174932457642, 0.0 ], [ 106.686560616336109, 12.694233027850014, 0.0 ], [ 106.686383311703594, 12.694327324702014, 0.0 ], [ 106.686156130570865, 12.694466986818592, 0.0 ], [ 106.686062918551102, 12.694505629129475, 0.0 ], [ 106.685860040669382, 12.694522221176197, 0.0 ], [ 106.685694307284777, 12.694548963453233, 0.0 ], [ 106.685313636069608, 12.694544523034319, 0.0 ], [ 106.685196780190111, 12.694395310728373, 0.0 ], [ 106.68504890064041, 12.694120447340261, 0.0 ], [ 106.685024954829501, 12.694099496912367, 0.0 ], [ 106.684759270332648, 12.693867037106271, 0.0 ], [ 106.684284866614718, 12.693709704018715, 0.0 ], [ 106.684003720591789, 12.693750687592415, 0.0 ], [ 106.683958851965016, 12.6937572274327, 0.0 ], [ 106.683861028476969, 12.693811882557432, 0.0 ], [ 106.683694639650753, 12.69399662154826, 0.0 ], [ 106.683568619445879, 12.694136538533698, 0.0 ], [ 106.683441621258766, 12.694198064061112, 0.0 ], [ 106.683002431786463, 12.694435133018725, 0.0 ], [ 106.682947024502752, 12.694491457906935, 0.0 ], [ 106.682829657689439, 12.694575455487923, 0.0 ], [ 106.682723363045028, 12.694672771974822, 0.0 ], [ 106.68261462891158, 12.694885110117967, 0.0 ], [ 106.682352743352865, 12.69527825190913, 0.0 ], [ 106.68209337823555, 12.695514721449278, 0.0 ], [ 106.681699623925979, 12.695690165807047, 0.0 ], [ 106.681509248133466, 12.695795284032126, 0.0 ], [ 106.681380401024214, 12.696122791677242, 0.0 ], [ 106.681378374053324, 12.696129856140292, 0.0 ], [ 106.681332533645246, 12.696289695252586, 0.0 ], [ 106.681202676815175, 12.696750562781652, 0.0 ], [ 106.681178702689294, 12.696821988370138, 0.0 ], [ 106.681163881656573, 12.697170931998704, 0.0 ], [ 106.681161681102537, 12.697222761499093, 0.0 ], [ 106.681171491950025, 12.697299958077899, 0.0 ], [ 106.681219948452807, 12.697474742229025, 0.0 ], [ 106.681248862179572, 12.6979133172395, 0.0 ], [ 106.681341584761569, 12.698316690894176, 0.0 ], [ 106.681362957865531, 12.698446701825644, 0.0 ], [ 106.681397913077816, 12.698746206435626, 0.0 ], [ 106.681303188711595, 12.699054101274273, 0.0 ], [ 106.681207876103045, 12.699174731822174, 0.0 ], [ 106.680903234450767, 12.699569804240223, 0.0 ], [ 106.680788049517417, 12.699785651262211, 0.0 ], [ 106.680491379347799, 12.700071335163566, 0.0 ], [ 106.680331347181209, 12.700195644862514, 0.0 ], [ 106.680040197695803, 12.700446455610058, 0.0 ], [ 106.679627000962796, 12.700798684105404, 0.0 ], [ 106.679361594621412, 12.700961808319624, 0.0 ], [ 106.679111360527202, 12.70128471420179, 0.0 ], [ 106.678931536461604, 12.701550015626232, 0.0 ], [ 106.678718107030477, 12.70174055143732, 0.0 ], [ 106.67835755866912, 12.702052306760343, 0.0 ], [ 106.677921218284695, 12.702257003839264, 0.0 ], [ 106.677710469800473, 12.702334880310014, 0.0 ], [ 106.677394176969514, 12.702531786675126, 0.0 ], [ 106.677047539074181, 12.702751493870121, 0.0 ], [ 106.676747928793262, 12.702755773892312, 0.0 ], [ 106.67652225887916, 12.702604381659173, 0.0 ], [ 106.676231198349512, 12.702573528748593, 0.0 ], [ 106.676017421274011, 12.702581386704558, 0.0 ], [ 106.675998566819885, 12.702582079807319, 0.0 ], [ 106.675645638750211, 12.702590130328542, 0.0 ], [ 106.675408396466011, 12.702587200116909, 0.0 ], [ 106.675075001283588, 12.702616201916097, 0.0 ], [ 106.674817395956993, 12.702796257020474, 0.0 ], [ 106.674569511809125, 12.702974721091147, 0.0 ], [ 106.674354562895033, 12.703070450020054, 0.0 ], [ 106.674235107092784, 12.703137935498599, 0.0 ], [ 106.673914703029482, 12.703280435973547, 0.0 ], [ 106.673819559908566, 12.703329981040913, 0.0 ], [ 106.673818050668061, 12.703329390345647, 0.0 ], [ 106.67380538843706, 12.703333250512639, 0.0 ], [ 106.673534121562611, 12.703421847701433, 0.0 ], [ 106.673530416545987, 12.703423247774909, 0.0 ], [ 106.673212547456998, 12.703543396911204, 0.0 ], [ 106.67288686390313, 12.703647926956087, 0.0 ], [ 106.672684915989606, 12.70382078015235, 0.0 ], [ 106.672623887116643, 12.704044758512179, 0.0 ], [ 106.672566459728941, 12.704167059592487, 0.0 ], [ 106.672411708663773, 12.704436391084535, 0.0 ], [ 106.672368810682329, 12.70449106434563, 0.0 ], [ 106.67242919538478, 12.704853410167635, 0.0 ], [ 106.67232723127583, 12.705190798380274, 0.0 ], [ 106.67201011895493, 12.705983811497198, 0.0 ], [ 106.671907324685051, 12.706722362495443, 0.0 ], [ 106.67148109536204, 12.707199657199027, 0.0 ], [ 106.671105285953729, 12.707202025249645, 0.0 ], [ 106.670566264233102, 12.706889014773488, 0.0 ], [ 106.670189073742989, 12.70668007643369, 0.0 ], [ 106.66983134917696, 12.706895902338347, 0.0 ], [ 106.66987523043899, 12.707043357421803, 0.0 ], [ 106.669753026962113, 12.707094659866932, 0.0 ], [ 106.668934272114939, 12.707055200645497, 0.0 ], [ 106.668778183819143, 12.707036442434784, 0.0 ], [ 106.668291544342708, 12.706982772266912, 0.0 ], [ 106.667956601462194, 12.706849099236347, 0.0 ], [ 106.667733731850277, 12.706885146091102, 0.0 ], [ 106.667326721405473, 12.706817503737291, 0.0 ], [ 106.667028091239573, 12.70677099356746, 0.0 ], [ 106.666921313751843, 12.706738934633368, 0.0 ], [ 106.666697923770442, 12.706811420066433, 0.0 ], [ 106.666683769430179, 12.706825700023868, 0.0 ], [ 106.666615431253689, 12.706972104631181, 0.0 ], [ 106.666520294859424, 12.707191084427141, 0.0 ], [ 106.666408902838199, 12.70740414878186, 0.0 ], [ 106.666284343688986, 12.707574770685605, 0.0 ], [ 106.666108538409119, 12.707859606015164, 0.0 ], [ 106.6656436910216, 12.708117359412293, 0.0 ], [ 106.665515683188644, 12.708197447367539, 0.0 ], [ 106.665016372291191, 12.708497776878868, 0.0 ], [ 106.664696513644728, 12.708601584336224, 0.0 ], [ 106.664507646180084, 12.70884373072135, 0.0 ], [ 106.664033427660797, 12.709157087909816, 0.0 ], [ 106.664654654570384, 12.709602367396039, 0.0 ], [ 106.66493463770243, 12.709995370425027, 0.0 ], [ 106.665038892599497, 12.71008380950949, 0.0 ], [ 106.66545029921754, 12.710754088656296, 0.0 ], [ 106.665499791685747, 12.71089176578783, 0.0 ], [ 106.665582570610241, 12.711122039957779, 0.0 ], [ 106.665833180304631, 12.711621666456388, 0.0 ], [ 106.665858544611169, 12.711884729267581, 0.0 ], [ 106.666435534208503, 12.712120130629932, 0.0 ], [ 106.666739525150035, 12.712231897969513, 0.0 ], [ 106.667170238496183, 12.712383007732733, 0.0 ], [ 106.667437173770395, 12.712613656086782, 0.0 ], [ 106.66756828768645, 12.71259917468447, 0.0 ], [ 106.668421371505659, 12.713061945271015, 0.0 ], [ 106.669088555648131, 12.713500349517508, 0.0 ], [ 106.669262491866448, 12.713660416489223, 0.0 ], [ 106.66962647055189, 12.713873977726319, 0.0 ], [ 106.668725684138337, 12.714925190991183, 0.0 ], [ 106.668952614147571, 12.71518396129833, 0.0 ], [ 106.669154222004408, 12.715459254874585, 0.0 ], [ 106.669399265288732, 12.715691953918263, 0.0 ], [ 106.669465153805177, 12.715749367747291, 0.0 ], [ 106.669734670707896, 12.715945443623539, 0.0 ], [ 106.670004937778373, 12.716059443744934, 0.0 ], [ 106.670291466298167, 12.716237737908241, 0.0 ], [ 106.670548661215065, 12.716284352280693, 0.0 ], [ 106.670683710183283, 12.716494579610801, 0.0 ], [ 106.670744657924104, 12.716704397128673, 0.0 ], [ 106.670776433076682, 12.716763582181414, 0.0 ], [ 106.670825968999409, 12.716868949732893, 0.0 ], [ 106.671010654408889, 12.717110700731515, 0.0 ], [ 106.671182917328878, 12.717219339538724, 0.0 ], [ 106.671520172993169, 12.717357650009763, 0.0 ], [ 106.671693786720041, 12.717521954561168, 0.0 ], [ 106.671718010111491, 12.71757903932796, 0.0 ], [ 106.67178968973451, 12.717622713079436, 0.0 ], [ 106.67200873900255, 12.717803856836762, 0.0 ], [ 106.672133477066453, 12.718162136917545, 0.0 ], [ 106.672258553546328, 12.718585121555938, 0.0 ], [ 106.67234137477854, 12.718867274798889, 0.0 ], [ 106.67238429059644, 12.719054210118863, 0.0 ], [ 106.672561424166389, 12.719465374151495, 0.0 ], [ 106.672732776859959, 12.719775608829526, 0.0 ], [ 106.672789785235381, 12.719888528989653, 0.0 ], [ 106.672858025107701, 12.720047381569396, 0.0 ], [ 106.673170957570008, 12.720557714057581, 0.0 ], [ 106.673305085732068, 12.720680094030682, 0.0 ], [ 106.673471237773413, 12.720846577395614, 0.0 ], [ 106.673701189151487, 12.721052954384108, 0.0 ], [ 106.673807153909891, 12.721154553182478, 0.0 ], [ 106.67395829432985, 12.721362360600601, 0.0 ], [ 106.674305270910125, 12.721614670701502, 0.0 ], [ 106.674642856548786, 12.721936398008008, 0.0 ], [ 106.67479123684366, 12.72210899120301, 0.0 ], [ 106.67499678504231, 12.722499953636282, 0.0 ], [ 106.675124542689446, 12.722846662698077, 0.0 ], [ 106.675221614847302, 12.723136025427033, 0.0 ], [ 106.675611768060961, 12.723520618482087, 0.0 ], [ 106.675843049774173, 12.723789869900429, 0.0 ], [ 106.67594373246699, 12.723984515425441, 0.0 ], [ 106.676008281743663, 12.724251417171184, 0.0 ], [ 106.675984978183919, 12.724542711604617, 0.0 ], [ 106.675884464797264, 12.724787402021059, 0.0 ], [ 106.67587063297529, 12.725184394679596, 0.0 ], [ 106.675740614582281, 12.725561695198031, 0.0 ], [ 106.67546690810704, 12.725680895356016, 0.0 ], [ 106.675230756142, 12.725846118639534, 0.0 ], [ 106.675144744017075, 12.726059626191352, 0.0 ], [ 106.675077424756182, 12.726174465341279, 0.0 ], [ 106.675133262415287, 12.726300795669566, 0.0 ], [ 106.67524223746311, 12.726534414693967, 0.0 ], [ 106.675357502337889, 12.726783545227425, 0.0 ], [ 106.675449804815102, 12.726957399884414, 0.0 ], [ 106.675509992622821, 12.726995622746827, 0.0 ], [ 106.675534726908751, 12.727049857183541, 0.0 ], [ 106.675721082435103, 12.727156405982646, 0.0 ], [ 106.67577145878542, 12.727223461420527, 0.0 ], [ 106.675887734828052, 12.727482993166607, 0.0 ], [ 106.675971735237283, 12.72752632613768, 0.0 ], [ 106.676220370109661, 12.727568410117248, 0.0 ], [ 106.676502968126314, 12.727676958789784, 0.0 ], [ 106.67683627370694, 12.727695740462279, 0.0 ], [ 106.676964621169986, 12.727723653136843, 0.0 ], [ 106.677044762026412, 12.727795328754452, 0.0 ], [ 106.677079466218515, 12.727944700835952, 0.0 ], [ 106.677114590991735, 12.728034898443216, 0.0 ], [ 106.677390479154937, 12.728196851635476, 0.0 ], [ 106.677682208618435, 12.728359135318867, 0.0 ], [ 106.677937803443456, 12.728520758117361, 0.0 ], [ 106.678004032642434, 12.728568953152749, 0.0 ], [ 106.678110076083343, 12.728597034552044, 0.0 ], [ 106.678496790017761, 12.728701563838582, 0.0 ], [ 106.678736961452586, 12.728736687064437, 0.0 ], [ 106.679125345210579, 12.728724365458261, 0.0 ], [ 106.679312629904061, 12.728829564960931, 0.0 ], [ 106.679701763239123, 12.728859917133697, 0.0 ], [ 106.680001123721013, 12.728904590766911, 0.0 ], [ 106.680097026589721, 12.728953794678995, 0.0 ], [ 106.680248427593796, 12.729108457653092, 0.0 ], [ 106.680614767460483, 12.729518531446022, 0.0 ], [ 106.680694818245811, 12.729593636771506, 0.0 ], [ 106.680796932518803, 12.729789373376889, 0.0 ], [ 106.680939861222129, 12.730242620987845, 0.0 ], [ 106.681000469039688, 12.730315716318527, 0.0 ], [ 106.68114398971754, 12.730428796033094, 0.0 ], [ 106.681354147993304, 12.730526373950203, 0.0 ], [ 106.681571357740921, 12.730730241437689, 0.0 ], [ 106.681874818024895, 12.730833009698605, 0.0 ], [ 106.682193211629112, 12.73079293675222, 0.0 ], [ 106.682509755134006, 12.730724370477695, 0.0 ], [ 106.682784712291806, 12.730753203274228, 0.0 ], [ 106.682899977736398, 12.730837370123945, 0.0 ], [ 106.683286780312883, 12.731072159142572, 0.0 ], [ 106.683485037576375, 12.73131114929873, 0.0 ], [ 106.683506580868681, 12.731343511505431, 0.0 ], [ 106.683795788675411, 12.731565230969325, 0.0 ], [ 106.683831504654179, 12.731578391104163, 0.0 ], [ 106.684024060326152, 12.731658777288185, 0.0 ], [ 106.68440926308503, 12.731725253727898, 0.0 ], [ 106.684681800578119, 12.731790219219327, 0.0 ], [ 106.684957687519699, 12.731896087837878, 0.0 ], [ 106.685253437537924, 12.732084612939467, 0.0 ], [ 106.685599074596794, 12.732299541242579, 0.0 ], [ 106.685772601801261, 12.732398350033046, 0.0 ], [ 106.68587378262356, 12.732455964303879, 0.0 ], [ 106.686043034517823, 12.732765279394691, 0.0 ], [ 106.68635538758069, 12.732754298472454, 0.0 ], [ 106.686529081746428, 12.732590504657805, 0.0 ], [ 106.687023348775355, 12.732249247138304, 0.0 ], [ 106.687209704156558, 12.732112026578609, 0.0 ], [ 106.68744191504156, 12.731992905984097, 0.0 ], [ 106.687532537158006, 12.732007667220589, 0.0 ], [ 106.687693069679256, 12.732064082581235, 0.0 ], [ 106.687930981242346, 12.731960724198558, 0.0 ], [ 106.687998381188748, 12.731907409852644, 0.0 ], [ 106.688049367337271, 12.731861852846947, 0.0 ], [ 106.688105515413696, 12.73181168178583, 0.0 ], [ 106.688255656597164, 12.731668839429025, 0.0 ], [ 106.688410827746182, 12.731299839682951, 0.0 ], [ 106.688672962983958, 12.730960931213113, 0.0 ], [ 106.688870639746582, 12.730740804663924, 0.0 ], [ 106.689111312584316, 12.730543647457109, 0.0 ], [ 106.689274865319334, 12.730198619572983, 0.0 ], [ 106.689403383044649, 12.730004813551519, 0.0 ], [ 106.689643805732544, 12.729872532841531, 0.0 ], [ 106.690047870934279, 12.729710329605927, 0.0 ], [ 106.690129101816638, 12.729678647155415, 0.0 ], [ 106.690241267150896, 12.729609150970569, 0.0 ], [ 106.690637031401806, 12.729555507064733, 0.0 ], [ 106.691043186056874, 12.729433957015123, 0.0 ], [ 106.691471144634534, 12.72943169733834, 0.0 ], [ 106.691860028051792, 12.729459189163501, 0.0 ], [ 106.692213455201212, 12.729428256281828, 0.0 ], [ 106.692707552526727, 12.72953044517865, 0.0 ], [ 106.692862053586836, 12.729629853554664, 0.0 ], [ 106.693113467827033, 12.7297849363105, 0.0 ], [ 106.69335649060163, 12.729914697293577, 0.0 ], [ 106.693478967755112, 12.729995843631729, 0.0 ], [ 106.693825354809292, 12.730208931792927, 0.0 ], [ 106.694033332439645, 12.730213872754151, 0.0 ], [ 106.69437594929181, 12.730199791143855, 0.0 ], [ 106.694699203815716, 12.730253855614066, 0.0 ], [ 106.694983802820829, 12.730190069495974, 0.0 ], [ 106.695172838245, 12.73026400580145, 0.0 ], [ 106.695238816196522, 12.730385886094517, 0.0 ], [ 106.695273691626198, 12.730415388558827, 0.0 ], [ 106.69549710236511, 12.730542049517434, 0.0 ], [ 106.695645641987753, 12.730683050618129, 0.0 ], [ 106.695673816057806, 12.730699141836377, 0.0 ], [ 106.69598389838535, 12.730626886102399, 0.0 ], [ 106.696390894056947, 12.730441131780934, 0.0 ], [ 106.696896232726118, 12.730333992394177, 0.0 ], [ 106.69719081226846, 12.730318070864751, 0.0 ], [ 106.697473821049499, 12.730185210414167, 0.0 ], [ 106.697848121737835, 12.730079751798229, 0.0 ], [ 106.698167934996619, 12.729962482481501, 0.0 ], [ 106.698301223662583, 12.729890056322837, 0.0 ], [ 106.698698577287388, 12.729631705517855, 0.0 ], [ 106.698832876032242, 12.729510915158293, 0.0 ], [ 106.699338204563503, 12.729372343710201, 0.0 ], [ 106.699805058731371, 12.729265306016785, 0.0 ], [ 106.699941536781495, 12.729217441895454, 0.0 ], [ 106.700196131346303, 12.72920344072393, 0.0 ], [ 106.700860822537479, 12.729090521821917, 0.0 ], [ 106.701447132005384, 12.728902506744618, 0.0 ], [ 106.701727800145989, 12.72879210717327, 0.0 ], [ 106.702124144482497, 12.728590920887401, 0.0 ], [ 106.702336572683308, 12.728525535634612, 0.0 ], [ 106.702354175194913, 12.72848186130495, 0.0 ], [ 106.702354845232222, 12.728459729754483, 0.0 ], [ 106.702356105859778, 12.728441379152253, 0.0 ], [ 106.702465591203165, 12.728217059912254, 0.0 ], [ 106.702684470159625, 12.728068187796897, 0.0 ], [ 106.702845342449379, 12.727930626944062, 0.0 ], [ 106.702953147479136, 12.727897684319389, 0.0 ], [ 106.703293073246229, 12.72780480722761, 0.0 ], [ 106.703333989436217, 12.727800775594037, 0.0 ], [ 106.703791360907388, 12.727873792278023, 0.0 ], [ 106.703857259845421, 12.727864072320848, 0.0 ], [ 106.703966484793696, 12.727817377765476, 0.0 ], [ 106.704392852782036, 12.727789125279735, 0.0 ], [ 106.704743600229108, 12.72769976896196, 0.0 ], [ 106.705092248703949, 12.727459188880584, 0.0 ], [ 106.705559601988455, 12.727384083266962, 0.0 ], [ 106.706004152721434, 12.727418535864897, 0.0 ], [ 106.706042638068766, 12.727422386352091, 0.0 ], [ 106.706226472338315, 12.727404364627731, 0.0 ], [ 106.70661829632742, 12.727361781624415, 0.0 ], [ 106.706742032707979, 12.727455078393067, 0.0 ], [ 106.706837345282636, 12.727650814879492, 0.0 ], [ 106.706961663024885, 12.727958209791812, 0.0 ], [ 106.707119103943384, 12.728167186802269, 0.0 ], [ 106.707272424146566, 12.72832352032065, 0.0 ], [ 106.707430196704507, 12.728429638176058, 0.0 ], [ 106.707587877921128, 12.728627636000642, 0.0 ], [ 106.707913891584056, 12.728815410300328, 0.0 ], [ 106.708254077992933, 12.728980123975601, 0.0 ], [ 106.708543457775988, 12.729057331494571, 0.0 ], [ 106.708859330508304, 12.729110975041021, 0.0 ], [ 106.708967225586022, 12.72916512979727, 0.0 ], [ 106.709317383224047, 12.729125816976573, 0.0 ], [ 106.709587739626656, 12.729192291764717, 0.0 ], [ 106.709784826675417, 12.729249716515287, 0.0 ], [ 106.709967741868738, 12.729335043662159, 0.0 ], [ 106.710169018940505, 12.729422730640051, 0.0 ], [ 106.710521946753062, 12.729556431970691, 0.0 ], [ 106.710916200390258, 12.729733136602263, 0.0 ], [ 106.711067850612935, 12.729895510182327, 0.0 ], [ 106.711252446740616, 12.730127290027989, 0.0 ], [ 106.71146679441209, 12.730189823802069, 0.0 ], [ 106.71163277765433, 12.73022016675476, 0.0 ], [ 106.711814102488717, 12.73032176522675, 0.0 ], [ 106.71201085963132, 12.730486978617883, 0.0 ], [ 106.712383229941722, 12.730690845933786, 0.0 ], [ 106.712549972106203, 12.7307587512959, 0.0 ], [ 106.712881857292402, 12.73090938369795, 0.0 ], [ 106.71293493258068, 12.730964570122621, 0.0 ] ] ] } },
{ "type": "Feature", "properties": { "Project": "SWS", "Category": "CPA", "Eng_Name": "Tou Lung", "Prakas_Ha": 7082, "Kh_Uni": "ទូលុង", "ID": 9, "Field": "ទូលុង", "Field2": "7082", "Size": 7082 }, "geometry": { "type": "Polygon", "coordinates": [ [ [ 107.426476725090041, 12.707402422760781, 0.0 ], [ 107.426212093174385, 12.70678824420744, 0.0 ], [ 107.425626307197206, 12.706295094128691, 0.0 ], [ 107.424856774210284, 12.705597171938006, 0.0 ], [ 107.424217426927498, 12.705001207585664, 0.0 ], [ 107.423056363935203, 12.704901866721869, 0.0 ], [ 107.422400316574283, 12.705051299853068, 0.0 ], [ 107.421854514998998, 12.705271445460475, 0.0 ], [ 107.421430230368401, 12.70502892698474, 0.0 ], [ 107.4211383235657, 12.704696146301679, 0.0 ], [ 107.421410214868729, 12.703843493743141, 0.0 ], [ 107.421293730803981, 12.703249033944942, 0.0 ], [ 107.420814447707343, 12.702748547604001, 0.0 ], [ 107.420045865328191, 12.702250694292188, 0.0 ], [ 107.419483376392805, 12.70268275737059, 0.0 ], [ 107.419156847134985, 12.703037649482091, 0.0 ], [ 107.418584314531387, 12.703221405233563, 0.0 ], [ 107.417742262823111, 12.703013921332992, 0.0 ], [ 107.416951054652742, 12.702653886603533, 0.0 ], [ 107.416573203713909, 12.702988715792737, 0.0 ], [ 107.416566190578379, 12.703743924287677, 0.0 ], [ 107.415950430916283, 12.7037743811746, 0.0 ], [ 107.415578372592606, 12.703480724315853, 0.0 ], [ 107.414771697799907, 12.703151492361702, 0.0 ], [ 107.413678632443833, 12.703583169749056, 0.0 ], [ 107.41317965860344, 12.703957035223716, 0.0 ], [ 107.412605104002225, 12.704387528971871, 0.0 ], [ 107.411913200369185, 12.704608983456069, 0.0 ], [ 107.411327819977188, 12.704506726512715, 0.0 ], [ 107.410421762476346, 12.703242340509735, 0.0 ], [ 107.410399578357755, 12.703055859365644, 0.0 ], [ 107.410297114885296, 12.702781065076175, 0.0 ], [ 107.410357168793411, 12.702134470662973, 0.0 ], [ 107.410604062190288, 12.701782097577055, 0.0 ], [ 107.411048573152414, 12.70140307932683, 0.0 ], [ 107.411104841465516, 12.700911712955426, 0.0 ], [ 107.411104308043818, 12.70039767649717, 0.0 ], [ 107.41119989795439, 12.700205552962073, 0.0 ], [ 107.411513177291965, 12.700374835225297, 0.0 ], [ 107.411945131915843, 12.700734291789828, 0.0 ], [ 107.412176546101207, 12.700928000700385, 0.0 ], [ 107.412401461539048, 12.701008483278727, 0.0 ], [ 107.412740463450675, 12.701028116634639, 0.0 ], [ 107.413055971519938, 12.700947619876025, 0.0 ], [ 107.413125757742861, 12.700640126023821, 0.0 ], [ 107.413103500286226, 12.700154418489703, 0.0 ], [ 107.41288983707868, 12.699692926162342, 0.0 ], [ 107.412867472236641, 12.699387122522001, 0.0 ], [ 107.412956204338442, 12.698930300717631, 0.0 ], [ 107.41328209856583, 12.698538804478691, 0.0 ], [ 107.413332995601905, 12.698486812232208, 0.0 ], [ 107.41383342316233, 12.698533790097004, 0.0 ], [ 107.414043636465237, 12.6986962735101, 0.0 ], [ 107.414744613938865, 12.698577454400827, 0.0 ], [ 107.415084597780265, 12.69827731480037, 0.0 ], [ 107.415052909549672, 12.69793181096694, 0.0 ], [ 107.414903815232705, 12.697523205596735, 0.0 ], [ 107.414363748682007, 12.69742468498735, 0.0 ], [ 107.413842531464468, 12.697235593890381, 0.0 ], [ 107.413588177536525, 12.69710379449088, 0.0 ], [ 107.413237321928307, 12.697002226512748, 0.0 ], [ 107.412657713803512, 12.696975634799838, 0.0 ], [ 107.412253738560437, 12.696741384785295, 0.0 ], [ 107.411885795838344, 12.696508101329544, 0.0 ], [ 107.411763941743615, 12.69597333390635, 0.0 ], [ 107.411696915108564, 12.695608765799619, 0.0 ], [ 107.411687628605577, 12.69548570162611, 0.0 ], [ 107.412052866352809, 12.695339866676541, 0.0 ], [ 107.412309122858957, 12.695514510352071, 0.0 ], [ 107.412647758621105, 12.695976379528707, 0.0 ], [ 107.413139899760125, 12.696157432439268, 0.0 ], [ 107.413481998684787, 12.696171252263703, 0.0 ], [ 107.413692763194462, 12.695991159008633, 0.0 ], [ 107.413893132212095, 12.695649524551714, 0.0 ], [ 107.413861205812381, 12.69528523637906, 0.0 ], [ 107.413705763110997, 12.694954016145855, 0.0 ], [ 107.413749388094956, 12.694417627629036, 0.0 ], [ 107.41363386871636, 12.693978405375086, 0.0 ], [ 107.413958437918225, 12.693462431303182, 0.0 ], [ 107.414047914499449, 12.693150773809544, 0.0 ], [ 107.413890300546583, 12.693013476919997, 0.0 ], [ 107.413838290931281, 12.692856512185932, 0.0 ], [ 107.413488950518783, 12.692993567128941, 0.0 ], [ 107.413097948702045, 12.69284411813817, 0.0 ], [ 107.412975510039274, 12.692561130973198, 0.0 ], [ 107.412781793556036, 12.692368855216539, 0.0 ], [ 107.412875395662681, 12.6919663694405, 0.0 ], [ 107.413014826406908, 12.691744062342657, 0.0 ], [ 107.413239711318113, 12.69123952648183, 0.0 ], [ 107.413458654693954, 12.691181484391514, 0.0 ], [ 107.414214754932573, 12.691031394510444, 0.0 ], [ 107.414747671802061, 12.690875195342123, 0.0 ], [ 107.415142623375331, 12.690515601651262, 0.0 ], [ 107.415610006367018, 12.689786843359524, 0.0 ], [ 107.416210595467021, 12.689651739587363, 0.0 ], [ 107.416643541219571, 12.689518049432117, 0.0 ], [ 107.416908598758312, 12.689436201851045, 0.0 ], [ 107.416944818650947, 12.689089412373937, 0.0 ], [ 107.416784488341477, 12.688682293108197, 0.0 ], [ 107.416717249397436, 12.688511555535406, 0.0 ], [ 107.416278659100286, 12.688354609316676, 0.0 ], [ 107.415825587378947, 12.688179096626328, 0.0 ], [ 107.415486945433926, 12.688029360738668, 0.0 ], [ 107.414992641573548, 12.687815405364695, 0.0 ], [ 107.414211819592168, 12.687488425118394, 0.0 ], [ 107.413724981987556, 12.687698539913013, 0.0 ], [ 107.413363058806951, 12.687854743292959, 0.0 ], [ 107.412883499872422, 12.688260691393994, 0.0 ], [ 107.412664326568517, 12.688446222158667, 0.0 ], [ 107.412053912181236, 12.688760936186638, 0.0 ], [ 107.41121911583825, 12.689145814794459, 0.0 ], [ 107.410937283159299, 12.689143695504317, 0.0 ], [ 107.410134781337476, 12.688944118334298, 0.0 ], [ 107.408584933076128, 12.688482112345968, 0.0 ], [ 107.407730740412674, 12.688225156977254, 0.0 ], [ 107.406837223060791, 12.687949453595595, 0.0 ], [ 107.406028366630039, 12.687692851022215, 0.0 ], [ 107.405621193521171, 12.687577752566087, 0.0 ], [ 107.405043701641347, 12.687436995071556, 0.0 ], [ 107.404511676735197, 12.687307318801309, 0.0 ], [ 107.404052872546103, 12.687195488101395, 0.0 ], [ 107.403921283240948, 12.687163413588054, 0.0 ], [ 107.402956723473963, 12.687144294930482, 0.0 ], [ 107.402347549856017, 12.687132218775137, 0.0 ], [ 107.401657279308495, 12.687146560489097, 0.0 ], [ 107.400799330263794, 12.68725353710248, 0.0 ], [ 107.399992180063705, 12.687354176910702, 0.0 ], [ 107.399252421317215, 12.687456203260659, 0.0 ], [ 107.398862645054763, 12.687511981077177, 0.0 ], [ 107.398570963595489, 12.687553720783189, 0.0 ], [ 107.398105961495304, 12.687595514763483, 0.0 ], [ 107.397484243015342, 12.687639305780747, 0.0 ], [ 107.397345198722974, 12.687676630902132, 0.0 ], [ 107.397148321435481, 12.687342254626127, 0.0 ], [ 107.396691769219643, 12.686581279238821, 0.0 ], [ 107.396485418998694, 12.686256776970781, 0.0 ], [ 107.39603199363016, 12.685961507059261, 0.0 ], [ 107.39573898028101, 12.685627569124364, 0.0 ], [ 107.395446939847744, 12.685397532118534, 0.0 ], [ 107.395417668262155, 12.685035236855276, 0.0 ], [ 107.39558411615036, 12.684789052101141, 0.0 ], [ 107.395983759109981, 12.684586069814303, 0.0 ], [ 107.396287325006881, 12.684561988687301, 0.0 ], [ 107.396597673416991, 12.684455341593573, 0.0 ], [ 107.39664695105985, 12.684066360177532, 0.0 ], [ 107.396770892260065, 12.683554687341603, 0.0 ], [ 107.397068045350807, 12.683135424927949, 0.0 ], [ 107.397181859278803, 12.6827973025062, 0.0 ], [ 107.396850787189592, 12.682326933951645, 0.0 ], [ 107.396467971972768, 12.681842923148569, 0.0 ], [ 107.39646396041357, 12.681414219746927, 0.0 ], [ 107.396397190432126, 12.681051572597662, 0.0 ], [ 107.396086539062367, 12.680636452498902, 0.0 ], [ 107.395817319613059, 12.680435295160978, 0.0 ], [ 107.395523899756782, 12.680216053774831, 0.0 ], [ 107.395386093388154, 12.679832070699256, 0.0 ], [ 107.395247745149788, 12.679446574351633, 0.0 ], [ 107.394836964285233, 12.678923423306911, 0.0 ], [ 107.394454861076355, 12.678683797950544, 0.0 ], [ 107.394239736402653, 12.678317003521784, 0.0 ], [ 107.394163993561193, 12.678077292391077, 0.0 ], [ 107.393776459870608, 12.677685888592128, 0.0 ], [ 107.393235310861641, 12.677522152843141, 0.0 ], [ 107.392885606210882, 12.676988369849546, 0.0 ], [ 107.392570531896808, 12.676564837812005, 0.0 ], [ 107.39236457973432, 12.67634629507377, 0.0 ], [ 107.392208410011889, 12.676250897071593, 0.0 ], [ 107.391689914003734, 12.676097436861784, 0.0 ], [ 107.389825487849819, 12.676464724283974, 0.0 ], [ 107.389311767468996, 12.677114048672008, 0.0 ], [ 107.388882163911632, 12.677657049361528, 0.0 ], [ 107.388519588101801, 12.679068954936293, 0.0 ], [ 107.387061376985869, 12.681940621793839, 0.0 ], [ 107.386405737012538, 12.68234121974268, 0.0 ], [ 107.385645241806742, 12.682708076907089, 0.0 ], [ 107.384960934679171, 12.682779277812889, 0.0 ], [ 107.384543196410476, 12.682357945591356, 0.0 ], [ 107.384142807378723, 12.682504982984621, 0.0 ], [ 107.383655655813669, 12.682870596857708, 0.0 ], [ 107.383249451856187, 12.68265462878079, 0.0 ], [ 107.382862589213559, 12.682301303709744, 0.0 ], [ 107.382054802743909, 12.68184235587213, 0.0 ], [ 107.381541200880193, 12.681465365025668, 0.0 ], [ 107.381282539418848, 12.681275503324624, 0.0 ], [ 107.380730067251477, 12.680778399477729, 0.0 ], [ 107.380301424914208, 12.680440416326505, 0.0 ], [ 107.379920622811341, 12.680140153069186, 0.0 ], [ 107.379491812699243, 12.679629643854689, 0.0 ], [ 107.379076031092893, 12.679206962879807, 0.0 ], [ 107.378486161448421, 12.67870151594701, 0.0 ], [ 107.377819776061159, 12.678233552331989, 0.0 ], [ 107.377266100519904, 12.677774637036109, 0.0 ], [ 107.376488554790939, 12.67710835873207, 0.0 ], [ 107.375973321872337, 12.676723428764857, 0.0 ], [ 107.375355864845758, 12.676272135559365, 0.0 ], [ 107.374653348004884, 12.675346022590908, 0.0 ], [ 107.374594078563078, 12.67518610210205, 0.0 ], [ 107.374240999372418, 12.674330999836334, 0.0 ], [ 107.37365768404598, 12.674314941011096, 0.0 ], [ 107.373024095633454, 12.673554877582347, 0.0 ], [ 107.372215037886107, 12.672746249481813, 0.0 ], [ 107.372071410399229, 12.672607761266415, 0.0 ], [ 107.371122570115773, 12.672687948710694, 0.0 ], [ 107.370615942053121, 12.673194525308146, 0.0 ], [ 107.370641051725727, 12.673557413532794, 0.0 ], [ 107.370600227434366, 12.674133304806334, 0.0 ], [ 107.370449928995384, 12.674989070932225, 0.0 ], [ 107.369943295656753, 12.675495648112475, 0.0 ], [ 107.369580325307851, 12.67553455916091, 0.0 ], [ 107.36896378375161, 12.675600652890122, 0.0 ], [ 107.368483827515291, 12.675652103411844, 0.0 ], [ 107.367742122826272, 12.676136537772337, 0.0 ], [ 107.367180441442073, 12.676503389208648, 0.0 ], [ 107.36681384816363, 12.676742821672876, 0.0 ], [ 107.365482968220562, 12.678085566866594, 0.0 ], [ 107.364943300056026, 12.678630041412074, 0.0 ], [ 107.364827418862134, 12.679163221350219, 0.0 ], [ 107.364840752371663, 12.680607421199516, 0.0 ], [ 107.364843310015289, 12.680884428305951, 0.0 ], [ 107.364590313360779, 12.681173571941679, 0.0 ], [ 107.364168198359977, 12.68145533727948, 0.0 ], [ 107.364045811109293, 12.681537031458266, 0.0 ], [ 107.363755112957065, 12.681973693698204, 0.0 ], [ 107.363468347311795, 12.68219059027998, 0.0 ], [ 107.363121606678931, 12.682370061091264, 0.0 ], [ 107.362891158854879, 12.682524216636297, 0.0 ], [ 107.362032291696295, 12.683300410947716, 0.0 ], [ 107.361729984486161, 12.68405459161235, 0.0 ], [ 107.361715769619622, 12.6843838559814, 0.0 ], [ 107.361790387775201, 12.684843861268456, 0.0 ], [ 107.361944734203419, 12.685427522756525, 0.0 ], [ 107.362011091390627, 12.686647460927761, 0.0 ], [ 107.361724969712228, 12.687102733646746, 0.0 ], [ 107.361452783055029, 12.687535830063299, 0.0 ], [ 107.360660561344716, 12.688237199275326, 0.0 ], [ 107.36036761019929, 12.689010174533371, 0.0 ], [ 107.360102411465022, 12.689801196313759, 0.0 ], [ 107.359914718458569, 12.690384172947246, 0.0 ], [ 107.359302690385348, 12.691613685696362, 0.0 ], [ 107.358558965271641, 12.692737920922644, 0.0 ], [ 107.357736195306543, 12.693739737709896, 0.0 ], [ 107.356913094699848, 12.694684757595521, 0.0 ], [ 107.356800683420275, 12.694822566752574, 0.0 ], [ 107.3557527501126, 12.694958374205019, 0.0 ], [ 107.355023754861122, 12.695692854847815, 0.0 ], [ 107.354971212579812, 12.696078846614624, 0.0 ], [ 107.35494467741897, 12.696531529868972, 0.0 ], [ 107.354975911098379, 12.697549558765219, 0.0 ], [ 107.354036762151864, 12.698506670491529, 0.0 ], [ 107.354123983993816, 12.69916089608617, 0.0 ], [ 107.354159120297211, 12.699424442250423, 0.0 ], [ 107.354144844736084, 12.700055411534741, 0.0 ], [ 107.353918344302471, 12.701261215817647, 0.0 ], [ 107.353386356821531, 12.701837683393659, 0.0 ], [ 107.352463182995209, 12.702532607419608, 0.0 ], [ 107.351977679121347, 12.70271007410952, 0.0 ], [ 107.351195028266432, 12.703745639231396, 0.0 ], [ 107.350540805112914, 12.704664074166084, 0.0 ], [ 107.349441580350472, 12.705525414631127, 0.0 ], [ 107.348972482927266, 12.705357433246444, 0.0 ], [ 107.348193290579871, 12.70536433381594, 0.0 ], [ 107.347231164847599, 12.705804417037159, 0.0 ], [ 107.346661671056708, 12.706000394648486, 0.0 ], [ 107.34623664260377, 12.706177041755733, 0.0 ], [ 107.34592292560113, 12.706340742575387, 0.0 ], [ 107.345421927952287, 12.706397002211441, 0.0 ], [ 107.344735069240258, 12.706397594283965, 0.0 ], [ 107.34444524282317, 12.706380659774219, 0.0 ], [ 107.344074802106704, 12.706574423337292, 0.0 ], [ 107.343763635311959, 12.706728616035026, 0.0 ], [ 107.343240388748228, 12.707161601199635, 0.0 ], [ 107.33754526116337, 12.707749991828916, 0.0 ], [ 107.313102360248394, 12.707664363695665, 0.0 ], [ 107.296944206391174, 12.711554301878522, 0.0 ], [ 107.296345309684796, 12.712909308779933, 0.0 ], [ 107.29605731614906, 12.714861540913828, 0.0 ], [ 107.295770668946005, 12.716963740841965, 0.0 ], [ 107.294874322683128, 12.719221202233241, 0.0 ], [ 107.294587666975374, 12.721323402749091, 0.0 ], [ 107.292773370940381, 12.723438831493674, 0.0 ], [ 107.29234066791696, 12.7262921974575, 0.0 ], [ 107.291755192810427, 12.729146886299716, 0.0 ], [ 107.293614017567947, 12.731980408486873, 0.0 ], [ 107.342601137836169, 12.729653322167227, 0.0 ], [ 107.342643319558505, 12.729423299001249, 0.0 ], [ 107.450832138965467, 12.758232764567744, 0.0 ], [ 107.450461822316413, 12.757400898111168, 0.0 ], [ 107.449940057530384, 12.756329960465186, 0.0 ], [ 107.449545351913031, 12.755807685513851, 0.0 ], [ 107.449440580153862, 12.755043659382967, 0.0 ], [ 107.449193373391353, 12.754663452628298, 0.0 ], [ 107.449015317108476, 12.753876199446543, 0.0 ], [ 107.448838640898813, 12.753232370744076, 0.0 ], [ 107.448710441154603, 12.752564185836562, 0.0 ], [ 107.448093814794504, 12.751757088809857, 0.0 ], [ 107.447647659263339, 12.750948410959033, 0.0 ], [ 107.447522682022523, 12.750614882023553, 0.0 ], [ 107.447246995874409, 12.749804623324755, 0.0 ], [ 107.447070559274138, 12.749184695649729, 0.0 ], [ 107.4467753473606, 12.748876647766922, 0.0 ], [ 107.446455554790191, 12.748544921051945, 0.0 ], [ 107.445797128224427, 12.748455388538341, 0.0 ], [ 107.445575205235272, 12.748170567585003, 0.0 ], [ 107.445448854713035, 12.747693611615519, 0.0 ], [ 107.445202350801878, 12.747385110742432, 0.0 ], [ 107.444639729976458, 12.747127345524245, 0.0 ], [ 107.443858171663734, 12.746895508724903, 0.0 ], [ 107.443293947978177, 12.746470410890613, 0.0 ], [ 107.442804157100241, 12.746188061179661, 0.0 ], [ 107.442409712948034, 12.745689673495248, 0.0 ], [ 107.442307264354369, 12.745164682053943, 0.0 ], [ 107.442081681485348, 12.744497389381193, 0.0 ], [ 107.441930301617248, 12.743948942592068, 0.0 ], [ 107.442121450119501, 12.743564676884343, 0.0 ], [ 107.442558864866513, 12.743465011446171, 0.0 ], [ 107.443602550414411, 12.743096775092235, 0.0 ], [ 107.443550179323736, 12.742714758895346, 0.0 ], [ 107.443277726877312, 12.742239151381485, 0.0 ], [ 107.442999318760357, 12.741142034303206, 0.0 ], [ 107.44274915956251, 12.740451062791573, 0.0 ], [ 107.442379765635195, 12.740024160726316, 0.0 ], [ 107.442275717390643, 12.739331838232134, 0.0 ], [ 107.442173731205628, 12.738854654572819, 0.0 ], [ 107.442089456540714, 12.737684023920547, 0.0 ], [ 107.442054114966652, 12.736536847327489, 0.0 ], [ 107.442019461506902, 12.73546138391292, 0.0 ], [ 107.441428857711642, 12.734821363057717, 0.0 ], [ 107.441372604210017, 12.734032974347128, 0.0 ], [ 107.441004137881706, 12.733701684424949, 0.0 ], [ 107.440368957696577, 12.733492386083737, 0.0 ], [ 107.439782707880966, 12.733306540929135, 0.0 ], [ 107.439050583736048, 12.733145944796908, 0.0 ], [ 107.438098616871159, 12.732915652931926, 0.0 ], [ 107.437869862417202, 12.731913692719406, 0.0 ], [ 107.437741711739037, 12.731245494340049, 0.0 ], [ 107.437178677408667, 12.730939896337311, 0.0 ], [ 107.436808623072835, 12.730441269280158, 0.0 ], [ 107.435944025499339, 12.729158281151669, 0.0 ], [ 107.43552459080037, 12.728588386641086, 0.0 ], [ 107.435204612607421, 12.728232733690193, 0.0 ], [ 107.434519835647464, 12.727928248088249, 0.0 ], [ 107.434154123471245, 12.72788379772917, 0.0 ], [ 107.433594520304837, 12.727936755399702, 0.0 ], [ 107.433106372042715, 12.727821709758871, 0.0 ], [ 107.432909745347146, 12.72763226513003, 0.0 ], [ 107.432759768599936, 12.727227232997866, 0.0 ], [ 107.43275179170611, 12.726390580468163, 0.0 ], [ 107.432722200187641, 12.725841003505511, 0.0 ], [ 107.432570857185056, 12.72529254500434, 0.0 ], [ 107.432422477940364, 12.725054843200693, 0.0 ], [ 107.43246229256583, 12.724122125058024, 0.0 ], [ 107.432505751807668, 12.72357187686096, 0.0 ], [ 107.432300928623732, 12.722521873061728, 0.0 ], [ 107.43195183121199, 12.721664445268443, 0.0 ], [ 107.431603875071488, 12.720926538614476, 0.0 ], [ 107.431184692514563, 12.720380537665646, 0.0 ], [ 107.430963041529324, 12.720119599665422, 0.0 ], [ 107.430860862555889, 12.719618500811379, 0.0 ], [ 107.430828547582408, 12.718782070037618, 0.0 ], [ 107.430896589322842, 12.718255502082807, 0.0 ], [ 107.430695194074104, 12.717564061246648, 0.0 ], [ 107.430301506639111, 12.717137355364018, 0.0 ], [ 107.429858668464746, 12.716663286140614, 0.0 ], [ 107.429369178714964, 12.716404802892761, 0.0 ], [ 107.428487826953329, 12.715910844633891, 0.0 ], [ 107.42804681131318, 12.715628007073143, 0.0 ], [ 107.427518230097974, 12.715378191502996, 0.0 ], [ 107.42712146348066, 12.715056383924953, 0.0 ], [ 107.427036903059985, 12.714418024207612, 0.0 ], [ 107.42705557334456, 12.713820188508679, 0.0 ], [ 107.427392600510558, 12.713410689696234, 0.0 ], [ 107.42768070107455, 12.712977732573634, 0.0 ], [ 107.427893708130995, 12.712330304529161, 0.0 ], [ 107.427959939381637, 12.711612500521413, 0.0 ], [ 107.428004093865809, 12.711133965425551, 0.0 ], [ 107.4280006862611, 12.710775397970581, 0.0 ], [ 107.427508257649535, 12.710206150391567, 0.0 ], [ 107.427040180637036, 12.70963667765362, 0.0 ], [ 107.426449681089892, 12.708996605478333, 0.0 ], [ 107.426275608141196, 12.708615693239755, 0.0 ], [ 107.42632067422754, 12.708232775434888, 0.0 ], [ 107.426390542476085, 12.707897443155019, 0.0 ], [ 107.426476725090041, 12.707402422760781, 0.0 ] ] ] } },
{ "type": "Feature", "properties": { "Project": "SWS", "Category": "CPA", "Eng_Name": "Maloel Kong Pros", "Prakas_Ha": 4654, "Kh_Uni": "ម៉ាលឺលកងប្រស់", "ID": 10, "Field": "ម៉ាលឺលកងប្រស់", "Field2": "4654", "Size": 4654 }, "geometry": { "type": "Polygon", "coordinates": [ [ [ 107.294558221662115, 13.295054730932254, 0.0 ], [ 107.295520152132283, 13.29351595318683, 0.0 ], [ 107.296824683312721, 13.292069708907118, 0.0 ], [ 107.298168106265905, 13.289571170583869, 0.0 ], [ 107.299749722557976, 13.286448875927164, 0.0 ], [ 107.300231109815144, 13.285727292994181, 0.0 ], [ 107.300806967738737, 13.284670148192319, 0.0 ], [ 107.302210404585324, 13.283366440607457, 0.0 ], [ 107.303904903601207, 13.281868830632025, 0.0 ], [ 107.305066498685463, 13.280806376594102, 0.0 ], [ 107.306667851940006, 13.279787748126198, 0.0 ], [ 107.30865879002161, 13.278669949422737, 0.0 ], [ 107.311132855284342, 13.277021784963638, 0.0 ], [ 107.312635172771664, 13.275860581530454, 0.0 ], [ 107.31424673745812, 13.274715204074873, 0.0 ], [ 107.314887385144061, 13.274891030182104, 0.0 ], [ 107.32141078194816, 13.27680064687029, 0.0 ], [ 107.327012550105451, 13.277600216847159, 0.0 ], [ 107.331365619802099, 13.277448885294845, 0.0 ], [ 107.339403664326724, 13.277156378317535, 0.0 ], [ 107.34251152880195, 13.27704321390299, 0.0 ], [ 107.346468526117462, 13.276474177610629, 0.0 ], [ 107.348961058020279, 13.275839348865404, 0.0 ], [ 107.351538474970511, 13.274979524305909, 0.0 ], [ 107.356856138878655, 13.271606340552934, 0.0 ], [ 107.360239498885818, 13.26853585757323, 0.0 ], [ 107.359675950146325, 13.265654867725802, 0.0 ], [ 107.353948662475815, 13.259510122213724, 0.0 ], [ 107.353150365585051, 13.258653599227671, 0.0 ], [ 107.35068355030036, 13.25600679701566, 0.0 ], [ 107.350232956036223, 13.255439933147402, 0.0 ], [ 107.342887874411559, 13.254121406236733, 0.0 ], [ 107.340778505543227, 13.255575206813823, 0.0 ], [ 107.337050241853632, 13.256183182501481, 0.0 ], [ 107.335436176052255, 13.255839365911784, 0.0 ], [ 107.333599744422472, 13.255210687748784, 0.0 ], [ 107.330442793401232, 13.254307180614328, 0.0 ], [ 107.328316268375616, 13.253967998717163, 0.0 ], [ 107.32436833213869, 13.254577795495225, 0.0 ], [ 107.321000615728408, 13.254608474887247, 0.0 ], [ 107.319387926433109, 13.254407983972273, 0.0 ], [ 107.317622700706536, 13.253563366834845, 0.0 ], [ 107.315563962443534, 13.252649678611341, 0.0 ], [ 107.309149544550309, 13.250520299115374, 0.0 ], [ 107.305119571371065, 13.250198140948054, 0.0 ], [ 107.299624255441969, 13.249769593824819, 0.0 ], [ 107.293393467737971, 13.248988921286632, 0.0 ], [ 107.291060011645939, 13.247396109737881, 0.0 ], [ 107.287990012735108, 13.245331720493645, 0.0 ], [ 107.285106990907153, 13.243684000501135, 0.0 ], [ 107.28308535844279, 13.242805546477252, 0.0 ], [ 107.28107208854415, 13.24282355123694, 0.0 ], [ 107.277464955099219, 13.243345886199604, 0.0 ], [ 107.272586927721022, 13.243676275604876, 0.0 ], [ 107.270537031115239, 13.243694524458055, 0.0 ], [ 107.268480044664869, 13.242947756136815, 0.0 ], [ 107.266122262024339, 13.24134294391621, 0.0 ], [ 107.264351861063133, 13.239935192269769, 0.0 ], [ 107.263663669030962, 13.240126010063497, 0.0 ], [ 107.263203746317956, 13.240514126041543, 0.0 ], [ 107.262717018352049, 13.241245854456258, 0.0 ], [ 107.26164720939822, 13.241640504407847, 0.0 ], [ 107.261093193145967, 13.242015897025999, 0.0 ], [ 107.26061985924261, 13.242575816184635, 0.0 ], [ 107.260298064427147, 13.243251864109794, 0.0 ], [ 107.260339284932698, 13.243907753486695, 0.0 ], [ 107.259727843477279, 13.24412100109201, 0.0 ], [ 107.25967732041363, 13.244581165705345, 0.0 ], [ 107.259497384688459, 13.245074103150531, 0.0 ], [ 107.258677417111215, 13.245056511950944, 0.0 ], [ 107.258065716357478, 13.245304774747972, 0.0 ], [ 107.257300092882971, 13.2458040228823, 0.0 ], [ 107.256455645838059, 13.24582052730951, 0.0 ], [ 107.255986498036791, 13.24589809556818, 0.0 ], [ 107.255806299119413, 13.246426048451987, 0.0 ], [ 107.254712553044129, 13.246854771798478, 0.0 ], [ 107.254733387493715, 13.247176503565466, 0.0 ], [ 107.255130607811168, 13.247363882872703, 0.0 ], [ 107.255162614512088, 13.247709235849205, 0.0 ], [ 107.255030871570938, 13.248052647840971, 0.0 ], [ 107.25526195685562, 13.248479826838299, 0.0 ], [ 107.255165653749131, 13.24879016833183, 0.0 ], [ 107.254523488164722, 13.248486353923914, 0.0 ], [ 107.254125956594578, 13.248390467650909, 0.0 ], [ 107.253924917633967, 13.248596689040756, 0.0 ], [ 107.253591869316338, 13.249180209291579, 0.0 ], [ 107.253410672564328, 13.249788367878725, 0.0 ], [ 107.253311668542722, 13.250431945266882, 0.0 ], [ 107.253107919532752, 13.250970271303883, 0.0 ], [ 107.253135681932434, 13.251856707311248, 0.0 ], [ 107.253088267000052, 13.252092068519513, 0.0 ], [ 107.253284351749926, 13.252725131946047, 0.0 ], [ 107.253259643445077, 13.253047266347878, 0.0 ], [ 107.253211392095992, 13.253254396716057, 0.0 ], [ 107.253198779110619, 13.253449916873915, 0.0 ], [ 107.253290486410506, 13.253829758115897, 0.0 ], [ 107.253546516139906, 13.254210406981128, 0.0 ], [ 107.253650122728388, 13.254567552184859, 0.0 ], [ 107.253515332958685, 13.255832686399215, 0.0 ], [ 107.253476976128994, 13.25648815265529, 0.0 ], [ 107.253344640521902, 13.257143320090989, 0.0 ], [ 107.253095459354583, 13.257694474039939, 0.0 ], [ 107.252977243704649, 13.258005009159309, 0.0 ], [ 107.253018904918406, 13.258960223186698, 0.0 ], [ 107.25320471055781, 13.259352787533702, 0.0 ], [ 107.253554715561961, 13.25960722595274, 0.0 ], [ 107.254233221315474, 13.259909588316683, 0.0 ], [ 107.254349548286001, 13.260082506885229, 0.0 ], [ 107.254521704851783, 13.260417496904498, 0.0 ], [ 107.254756011552786, 13.260832307816116, 0.0 ], [ 107.254837117551816, 13.26106201404879, 0.0 ], [ 107.254940372720966, 13.261442881043553, 0.0 ], [ 107.254985898593006, 13.261753098485595, 0.0 ], [ 107.255124689768991, 13.262111060296732, 0.0 ], [ 107.255263781151186, 13.262376398011289, 0.0 ], [ 107.255320274368302, 13.262813025349205, 0.0 ], [ 107.255378630482355, 13.262951440792046, 0.0 ], [ 107.255447940410306, 13.263089759256999, 0.0 ], [ 107.255506501575923, 13.263125385806852, 0.0 ], [ 107.255576283954724, 13.263252404757985, 0.0 ], [ 107.255606661200787, 13.263308042966978, 0.0 ], [ 107.255551969747245, 13.26336670227785, 0.0 ], [ 107.255515676381208, 13.2636200377422, 0.0 ], [ 107.255441746566447, 13.264356014691597, 0.0 ], [ 107.255311058230191, 13.264689252663631, 0.0 ], [ 107.255110335731416, 13.265055866804625, 0.0 ], [ 107.254674178672474, 13.265526221091221, 0.0 ], [ 107.254567688105126, 13.265732737602393, 0.0 ], [ 107.254637057595801, 13.2659399569034, 0.0 ], [ 107.254823630985328, 13.26610208728038, 0.0 ], [ 107.254831725375269, 13.266792157234603, 0.0 ], [ 107.254723810518726, 13.267344322031208, 0.0 ], [ 107.254556561975875, 13.267964783663787, 0.0 ], [ 107.254401052625539, 13.268607731051711, 0.0 ], [ 107.254200277865039, 13.268906573840722, 0.0 ], [ 107.253765242254829, 13.269249281105219, 0.0 ], [ 107.25304856029932, 13.269499598883037, 0.0 ], [ 107.252602704480168, 13.269669583183866, 0.0 ], [ 107.252015737520111, 13.269793373358997, 0.0 ], [ 107.251648877700276, 13.269900479322892, 0.0 ], [ 107.25112009588608, 13.270080967968845, 0.0 ], [ 107.250865461432952, 13.2701683777785, 0.0 ], [ 107.250654005376617, 13.270247054511401, 0.0 ], [ 107.250570789451672, 13.270477084575846, 0.0 ], [ 107.250675590666518, 13.270650106185002, 0.0 ], [ 107.250860622006556, 13.271145464373715, 0.0 ], [ 107.250072880814415, 13.27169459920573, 0.0 ], [ 107.249884344827819, 13.271820513323213, 0.0 ], [ 107.249683816103271, 13.272084335169673, 0.0 ], [ 107.249623626745972, 13.272498275287024, 0.0 ], [ 107.249762200871103, 13.272832521802695, 0.0 ], [ 107.249995535194145, 13.273063144498872, 0.0 ], [ 107.250474782258507, 13.273387602873122, 0.0 ], [ 107.250590597410323, 13.273629429222296, 0.0 ], [ 107.250613417279013, 13.273790750371345, 0.0 ], [ 107.250117750475852, 13.274375708827023, 0.0 ], [ 107.250280646452808, 13.274721035119317, 0.0 ], [ 107.25053705445967, 13.274952581640651, 0.0 ], [ 107.250957593420083, 13.275287724003535, 0.0 ], [ 107.251399869159201, 13.275854225952898, 0.0 ], [ 107.251888756273743, 13.276535527401414, 0.0 ], [ 107.252156343750968, 13.276916070690639, 0.0 ], [ 107.2522373057881, 13.277192089033287, 0.0 ], [ 107.252267973852298, 13.27746876555349, 0.0 ], [ 107.252373944336895, 13.27794088729148, 0.0 ], [ 107.252465884719669, 13.278344445965113, 0.0 ], [ 107.252648016662675, 13.278660717933125, 0.0 ], [ 107.25224224739442, 13.278998651812675, 0.0 ], [ 107.251055714173958, 13.280176494186881, 0.0 ], [ 107.250667169932029, 13.280557265591174, 0.0 ], [ 107.250203295630911, 13.280713855638394, 0.0 ], [ 107.25000977607742, 13.281300661410357, 0.0 ], [ 107.249815082309581, 13.281823095207937, 0.0 ], [ 107.249354768928939, 13.282303826138287, 0.0 ], [ 107.248766239041871, 13.283263481175226, 0.0 ], [ 107.248498962672585, 13.283822501273949, 0.0 ], [ 107.248312135639182, 13.284481738078082, 0.0 ], [ 107.248383409445509, 13.284957770402293, 0.0 ], [ 107.247926178480796, 13.285501297252392, 0.0 ], [ 107.247439678181223, 13.285855047910495, 0.0 ], [ 107.24706477022265, 13.286031176031212, 0.0 ], [ 107.247203775190869, 13.286724613934085, 0.0 ], [ 107.247120946754706, 13.287310441242582, 0.0 ], [ 107.246836626809724, 13.287681178192269, 0.0 ], [ 107.246176206204296, 13.288099289786327, 0.0 ], [ 107.245721774167905, 13.288845404126462, 0.0 ], [ 107.24552583077103, 13.28979707284368, 0.0 ], [ 107.245073504992277, 13.289832692760001, 0.0 ], [ 107.244693526693197, 13.289700034401477, 0.0 ], [ 107.244511796573434, 13.28963658877027, 0.0 ], [ 107.244124260718635, 13.290107083112108, 0.0 ], [ 107.244091100677196, 13.290791295675319, 0.0 ], [ 107.242924062861064, 13.291550471731432, 0.0 ], [ 107.242503241888045, 13.291501092840894, 0.0 ], [ 107.241656573739263, 13.291984089661568, 0.0 ], [ 107.241302184548033, 13.292090752795088, 0.0 ], [ 107.240539266193977, 13.292320371838192, 0.0 ], [ 107.240290385736117, 13.29293683786171, 0.0 ], [ 107.239959379736163, 13.293652835480954, 0.0 ], [ 107.239465147797048, 13.294033174403117, 0.0 ], [ 107.240156267575742, 13.294380629546373, 0.0 ], [ 107.241238612017241, 13.294505509829808, 0.0 ], [ 107.241746213095951, 13.294397117804365, 0.0 ], [ 107.242487232284489, 13.294338626728468, 0.0 ], [ 107.242827420784096, 13.294461004540906, 0.0 ], [ 107.243488930291932, 13.294911500264361, 0.0 ], [ 107.244918498669506, 13.294794965141012, 0.0 ], [ 107.247627552073794, 13.295298392560465, 0.0 ], [ 107.248573584313604, 13.295609030465364, 0.0 ], [ 107.249459809340152, 13.296414077256463, 0.0 ], [ 107.250298986381878, 13.297410803680954, 0.0 ], [ 107.278920999578006, 13.297434000064266, 0.0 ], [ 107.293023515116033, 13.297985324996908, 0.0 ], [ 107.293550609865505, 13.296928628109866, 0.0 ], [ 107.293688067268008, 13.295971077811425, 0.0 ], [ 107.294558221662115, 13.295054730932254, 0.0 ] ] ] } },
{ "type": "Feature", "properties": { "Project": "SWS", "Category": "CPA", "Eng_Name": "Ou Nglav", "Prakas_Ha": 4635, "Kh_Uni": "អូរង្លាវ", "ID": 11, "Field": "អូរង្លាវ", "Field2": "4673", "Size": 4635 }, "geometry": { "type": "Polygon", "coordinates": [ [ [ 107.175981031083438, 13.089664692385204, 0.0 ], [ 107.175967282446891, 13.089148583234595, 0.0 ], [ 107.175657569343272, 13.088723122067702, 0.0 ], [ 107.175682758914206, 13.088664194149443, 0.0 ], [ 107.175736714852917, 13.088546958791715, 0.0 ], [ 107.175563916216177, 13.088159070595555, 0.0 ], [ 107.175687867268991, 13.087510766939548, 0.0 ], [ 107.176283016686924, 13.087359946484122, 0.0 ], [ 107.176868936542633, 13.087697354848638, 0.0 ], [ 107.177290770898878, 13.087968287654846, 0.0 ], [ 107.177909766787224, 13.087923528078335, 0.0 ], [ 107.17818391308829, 13.087254753143105, 0.0 ], [ 107.178620236602541, 13.086879433682146, 0.0 ], [ 107.178827519095861, 13.085958958531252, 0.0 ], [ 107.178867506718575, 13.085447279973918, 0.0 ], [ 107.178883879640949, 13.085015636891139, 0.0 ], [ 107.178490609895405, 13.084456660698145, 0.0 ], [ 107.177991659664372, 13.083577166148737, 0.0 ], [ 107.178181398595243, 13.083132648104483, 0.0 ], [ 107.178615604798011, 13.08294170810683, 0.0 ], [ 107.179195003905519, 13.082916484672911, 0.0 ], [ 107.179589839562098, 13.082344964947135, 0.0 ], [ 107.17932726045413, 13.082034284813604, 0.0 ], [ 107.179340716425415, 13.081270565818208, 0.0 ], [ 107.179820711884901, 13.081145646119236, 0.0 ], [ 107.180309578009911, 13.080981115810523, 0.0 ], [ 107.180141027053963, 13.080421131627739, 0.0 ], [ 107.179396164492729, 13.080286670590887, 0.0 ], [ 107.178854699029969, 13.079791510915715, 0.0 ], [ 107.178712636229136, 13.079098009443008, 0.0 ], [ 107.179141609856273, 13.078346597432686, 0.0 ], [ 107.179521695505244, 13.07812989658956, 0.0 ], [ 107.179580760088001, 13.077236613935424, 0.0 ], [ 107.179560125786665, 13.076339165768758, 0.0 ], [ 107.180123287827513, 13.075320037186797, 0.0 ], [ 107.18039367147793, 13.075077150835732, 0.0 ], [ 107.181149492548002, 13.074215666782402, 0.0 ], [ 107.181747702939845, 13.074104432739437, 0.0 ], [ 107.182316243637189, 13.07369862361347, 0.0 ], [ 107.182648842070861, 13.073769592374143, 0.0 ], [ 107.183218821647131, 13.074064891635315, 0.0 ], [ 107.183543690458876, 13.073794431801657, 0.0 ], [ 107.183529206012707, 13.07293380552419, 0.0 ], [ 107.183398598818371, 13.072284029957094, 0.0 ], [ 107.183090558595254, 13.071862141327141, 0.0 ], [ 107.182852622824527, 13.071142342930607, 0.0 ], [ 107.183025490016874, 13.070686785992336, 0.0 ], [ 107.183566901390904, 13.070074081918399, 0.0 ], [ 107.184465874065523, 13.070234070210073, 0.0 ], [ 107.184958601468836, 13.070511171970798, 0.0 ], [ 107.185463853378181, 13.070640190309692, 0.0 ], [ 107.185817203836038, 13.070529889419719, 0.0 ], [ 107.186183206316642, 13.070286190303202, 0.0 ], [ 107.186424284702298, 13.06985716493889, 0.0 ], [ 107.185477779027579, 13.06953872180164, 0.0 ], [ 107.184683114301208, 13.069125234718941, 0.0 ], [ 107.184762778391701, 13.06816101984956, 0.0 ], [ 107.184468604811357, 13.067204483420646, 0.0 ], [ 107.184308365644299, 13.06681457477656, 0.0 ], [ 107.184064741307395, 13.066221764149246, 0.0 ], [ 107.183993664382427, 13.065673383325462, 0.0 ], [ 107.184281943170745, 13.065005919001596, 0.0 ], [ 107.184755416234552, 13.064180402607002, 0.0 ], [ 107.185032259633658, 13.063822240783937, 0.0 ], [ 107.185419059833734, 13.062865595342132, 0.0 ], [ 107.185284735296165, 13.062527853792176, 0.0 ], [ 107.185019185765313, 13.062335809193852, 0.0 ], [ 107.184631291264665, 13.062250979095793, 0.0 ], [ 107.184147184759411, 13.061576185734955, 0.0 ], [ 107.184158489450098, 13.060961592159362, 0.0 ], [ 107.183916650968996, 13.060648478403621, 0.0 ], [ 107.183615152429226, 13.060102043564166, 0.0 ], [ 107.183410402007084, 13.059902189563688, 0.0 ], [ 107.183530906776042, 13.059812449908692, 0.0 ], [ 107.183800960987014, 13.058759647782487, 0.0 ], [ 107.183548430384946, 13.058147282417885, 0.0 ], [ 107.183265488087144, 13.057810793160195, 0.0 ], [ 107.18314643510088, 13.057440162384529, 0.0 ], [ 107.183175163905304, 13.056906751919325, 0.0 ], [ 107.183072818311018, 13.056535979936212, 0.0 ], [ 107.182501025911009, 13.056202653606775, 0.0 ], [ 107.18215725411946, 13.056454469553096, 0.0 ], [ 107.18146313746233, 13.05620164853039, 0.0 ], [ 107.181360090913657, 13.05575068014295, 0.0 ], [ 107.181469067479952, 13.05503924601862, 0.0 ], [ 107.181170417713147, 13.054750329820152, 0.0 ], [ 107.180838068826986, 13.054494454699274, 0.0 ], [ 107.1807524337068, 13.054123540150306, 0.0 ], [ 107.181258150768954, 13.053521720595917, 0.0 ], [ 107.181301309314506, 13.052793897700624, 0.0 ], [ 107.181279223319152, 13.052180714094753, 0.0 ], [ 107.181553376152337, 13.051450943074016, 0.0 ], [ 107.18214933983333, 13.051210187816199, 0.0 ], [ 107.182293611653293, 13.050546785478312, 0.0 ], [ 107.181903093428971, 13.050010019755192, 0.0 ], [ 107.18204802631945, 13.049588589108261, 0.0 ], [ 107.182548107543795, 13.049376540615759, 0.0 ], [ 107.182901488680599, 13.04922669739376, 0.0 ], [ 107.18330725921831, 13.048528573229515, 0.0 ], [ 107.182959365832872, 13.048272831902512, 0.0 ], [ 107.183054884031947, 13.047932018233986, 0.0 ], [ 107.183499883857834, 13.047896634463841, 0.0 ], [ 107.183797822890867, 13.048039838299545, 0.0 ], [ 107.184292063599244, 13.048035666124479, 0.0 ], [ 107.184599028972812, 13.047370004356029, 0.0 ], [ 107.184411061313213, 13.046563932439968, 0.0 ], [ 107.183816188544782, 13.046391606683587, 0.0 ], [ 107.183933925965434, 13.045825816345127, 0.0 ], [ 107.184540186761168, 13.045327067700878, 0.0 ], [ 107.184131437130901, 13.04496339928942, 0.0 ], [ 107.183695601718085, 13.043023045910113, 0.0 ], [ 107.183704366437169, 13.042118167403961, 0.0 ], [ 107.1838966992146, 13.041518990551072, 0.0 ], [ 107.183331840121042, 13.040957828178303, 0.0 ], [ 107.182965834755905, 13.040606221492206, 0.0 ], [ 107.182827546023759, 13.039879928796541, 0.0 ], [ 107.182726075433123, 13.039541905999831, 0.0 ], [ 107.182369337502209, 13.039261385240165, 0.0 ], [ 107.18148746679519, 13.039143692921686, 0.0 ], [ 107.181087343331981, 13.03711217505526, 0.0 ], [ 107.181733000459133, 13.036262024004143, 0.0 ], [ 107.181812113919634, 13.035889720505985, 0.0 ], [ 107.181742904655479, 13.035485908423755, 0.0 ], [ 107.180962511685664, 13.034846351382756, 0.0 ], [ 107.180873781104708, 13.034120768259257, 0.0 ], [ 107.18088595469554, 13.033603310656124, 0.0 ], [ 107.181183934110251, 13.032832676838467, 0.0 ], [ 107.181588276520813, 13.031973037709312, 0.0 ], [ 107.181894120567392, 13.031114228900641, 0.0 ], [ 107.181676879975157, 13.030777178961328, 0.0 ], [ 107.181280318617326, 13.030683373244335, 0.0 ], [ 107.180553446807394, 13.030430814269359, 0.0 ], [ 107.180826597913963, 13.029653611613275, 0.0 ], [ 107.180789801019088, 13.029200953109662, 0.0 ], [ 107.179863239552475, 13.02877272548365, 0.0 ], [ 107.179425663467271, 13.028674937315145, 0.0 ], [ 107.179312382506794, 13.028099718560478, 0.0 ], [ 107.179755826614198, 13.027820248972619, 0.0 ], [ 107.17993472487376, 13.027528437340676, 0.0 ], [ 107.179981284830447, 13.027188036803842, 0.0 ], [ 107.179578513420097, 13.026383761903851, 0.0 ], [ 107.179140649192192, 13.025584300343287, 0.0 ], [ 107.178763313661321, 13.02531160172801, 0.0 ], [ 107.17837893265137, 13.02503381159101, 0.0 ], [ 107.178165271714889, 13.024643635827456, 0.0 ], [ 107.178055396648702, 13.024067334248866, 0.0 ], [ 107.178237123284148, 13.023242329406429, 0.0 ], [ 107.178651640258266, 13.022247000862635, 0.0 ], [ 107.178674792205555, 13.021895372763444, 0.0 ], [ 107.178452868350419, 13.021498675740986, 0.0 ], [ 107.178725570955152, 13.021124150310785, 0.0 ], [ 107.179051296951371, 13.020174274813069, 0.0 ], [ 107.179443426669735, 13.019367834968881, 0.0 ], [ 107.179585974849303, 13.018871872556351, 0.0 ], [ 107.179540146300667, 13.018439621672734, 0.0 ], [ 107.178946318560662, 13.01777148143217, 0.0 ], [ 107.178776689834308, 13.017621430384706, 0.0 ], [ 107.178708112139248, 13.017024448774395, 0.0 ], [ 107.179015630243029, 13.016718797883147, 0.0 ], [ 107.179049309841972, 13.016207289165676, 0.0 ], [ 107.179181329673369, 13.014202227180199, 0.0 ], [ 107.179374015138848, 13.011275794674342, 0.0 ], [ 107.179825085447519, 13.004425199241927, 0.0 ], [ 107.179396040153136, 13.00431291370159, 0.0 ], [ 107.178409392549753, 13.004465785878853, 0.0 ], [ 107.177921306825624, 13.004277447117669, 0.0 ], [ 107.176760267314975, 13.004092714500992, 0.0 ], [ 107.175403655228152, 13.003709574922231, 0.0 ], [ 107.173600372866318, 13.002433543547896, 0.0 ], [ 107.172272854382172, 13.001189381393379, 0.0 ], [ 107.171497669003031, 13.000370970627774, 0.0 ], [ 107.170616203380874, 12.99994796149908, 0.0 ], [ 107.168594163178184, 12.998745446946316, 0.0 ], [ 107.168220349227738, 12.997816076122801, 0.0 ], [ 107.168539215496054, 12.996629864009286, 0.0 ], [ 107.168714285879929, 12.995731774797965, 0.0 ], [ 107.16830328369069, 12.994730983751548, 0.0 ], [ 107.168150773168961, 12.994014954218756, 0.0 ], [ 107.167813541956875, 12.99308527584634, 0.0 ], [ 107.16696463412562, 12.992195731125719, 0.0 ], [ 107.166560179193056, 12.991948048779388, 0.0 ], [ 107.165933502033198, 12.991379431363381, 0.0 ], [ 107.164865286654717, 12.990844175263804, 0.0 ], [ 107.164604935011752, 12.990570019399653, 0.0 ], [ 107.164474682217516, 12.990432860193184, 0.0 ], [ 107.164786951614957, 12.989912897659693, 0.0 ], [ 107.164713267591395, 12.989584794963957, 0.0 ], [ 107.164394726131093, 12.989380729173561, 0.0 ], [ 107.164016321869227, 12.988761454722251, 0.0 ], [ 107.163774769063394, 12.988428788854588, 0.0 ], [ 107.163734233882451, 12.988048726659068, 0.0 ], [ 107.163976392886624, 12.987828739359966, 0.0 ], [ 107.164025661396693, 12.987465723878438, 0.0 ], [ 107.163636109835963, 12.987175267919202, 0.0 ], [ 107.163550771762687, 12.98696757689239, 0.0 ], [ 107.163365400788877, 12.986516431514161, 0.0 ], [ 107.163240156883276, 12.98621161593897, 0.0 ], [ 107.163325582262331, 12.985900262508418, 0.0 ], [ 107.163508726582762, 12.985955468777554, 0.0 ], [ 107.163852592601643, 12.986134885324828, 0.0 ], [ 107.164170734341724, 12.9859282464028, 0.0 ], [ 107.164520937793711, 12.985732164512855, 0.0 ], [ 107.165010339658153, 12.98538242973628, 0.0 ], [ 107.165025052738144, 12.985019702159605, 0.0 ], [ 107.164864293112373, 12.984745415379809, 0.0 ], [ 107.165176776262669, 12.984212851454789, 0.0 ], [ 107.165332532016222, 12.983947397629791, 0.0 ], [ 107.165152864478614, 12.983551273235555, 0.0 ], [ 107.165149577242147, 12.983171751433716, 0.0 ], [ 107.165638260165053, 12.982739556204912, 0.0 ], [ 107.165527761724221, 12.982391082849789, 0.0 ], [ 107.165444590644967, 12.982128787018498, 0.0 ], [ 107.165029463664922, 12.981795342455756, 0.0 ], [ 107.164579773442384, 12.981353545172983, 0.0 ], [ 107.164546127439451, 12.980658873120992, 0.0 ], [ 107.164264730499852, 12.980094595522628, 0.0 ], [ 107.163992861550057, 12.979750751869595, 0.0 ], [ 107.163623444275004, 12.979788843448258, 0.0 ], [ 107.163023747705552, 12.979637946869452, 0.0 ], [ 107.162630646542581, 12.979001855308169, 0.0 ], [ 107.162676185853897, 12.978207356997478, 0.0 ], [ 107.162409744537598, 12.977898929388223, 0.0 ], [ 107.162247353665393, 12.977434880125699, 0.0 ], [ 107.162151033322729, 12.977085499149764, 0.0 ], [ 107.162013257632964, 12.97655231048015, 0.0 ], [ 107.161788597647288, 12.975931790057064, 0.0 ], [ 107.161766851082817, 12.975414607833338, 0.0 ], [ 107.162044150538193, 12.974980790422748, 0.0 ], [ 107.162128375068505, 12.974530504142503, 0.0 ], [ 107.162655712025312, 12.973949876225873, 0.0 ], [ 107.163149820625776, 12.973770819297819, 0.0 ], [ 107.163766455870231, 12.973817653391626, 0.0 ], [ 107.164085647588763, 12.973204054839716, 0.0 ], [ 107.164374004598471, 12.972880669602942, 0.0 ], [ 107.164381686191462, 12.972527289267044, 0.0 ], [ 107.164386776309257, 12.972293163294646, 0.0 ], [ 107.164275443141904, 12.97167280294793, 0.0 ], [ 107.164149334773953, 12.97134174518836, 0.0 ], [ 107.164039282968631, 12.970942157076573, 0.0 ], [ 107.155563587703369, 12.971408523472771, 0.0 ], [ 107.149587444241149, 12.97116596347805, 0.0 ], [ 107.146697119090504, 12.981922485151186, 0.0 ], [ 107.14368457886512, 12.984879864613033, 0.0 ], [ 107.142619828816265, 12.988996134747884, 0.0 ], [ 107.142103918707804, 12.989938185841364, 0.0 ], [ 107.134350568596929, 12.998473894824015, 0.0 ], [ 107.133822802807643, 12.99976174497519, 0.0 ], [ 107.134001313300757, 12.999818016317997, 0.0 ], [ 107.134444865173492, 12.999957833111708, 0.0 ], [ 107.134957678098814, 13.000316228565994, 0.0 ], [ 107.135295107774652, 13.000708823738416, 0.0 ], [ 107.135210683100553, 13.001411017989813, 0.0 ], [ 107.134859162348619, 13.001593520201856, 0.0 ], [ 107.134850844768366, 13.002035273773497, 0.0 ], [ 107.13503857046652, 13.002299192725163, 0.0 ], [ 107.135763265747627, 13.002377954096874, 0.0 ], [ 107.136744245399896, 13.002385696500923, 0.0 ], [ 107.137282969314398, 13.002809391194589, 0.0 ], [ 107.137401987034281, 13.003659020889035, 0.0 ], [ 107.138267972081096, 13.004093574071897, 0.0 ], [ 107.138841549018622, 13.004550865299496, 0.0 ], [ 107.138714253516468, 13.004954061461191, 0.0 ], [ 107.137923448262015, 13.005967074147224, 0.0 ], [ 107.13842625427182, 13.006298431439344, 0.0 ], [ 107.138580286944531, 13.006998660291737, 0.0 ], [ 107.138559848183178, 13.007907048601249, 0.0 ], [ 107.139028421515917, 13.008410389331988, 0.0 ], [ 107.140232070110414, 13.00852133439153, 0.0 ], [ 107.140468625423608, 13.009440028519103, 0.0 ], [ 107.140248208090199, 13.009865455547239, 0.0 ], [ 107.139909881182646, 13.010176634195147, 0.0 ], [ 107.138988271759516, 13.010512954798109, 0.0 ], [ 107.139422084599346, 13.010925079898096, 0.0 ], [ 107.13987895285436, 13.011405921924377, 0.0 ], [ 107.139378865165455, 13.01213187763617, 0.0 ], [ 107.139346205858033, 13.012180353100133, 0.0 ], [ 107.138960248665754, 13.01275323444195, 0.0 ], [ 107.138986152879284, 13.013557314526718, 0.0 ], [ 107.138683335731812, 13.013845607084528, 0.0 ], [ 107.137877138231659, 13.013939234050984, 0.0 ], [ 107.137295861328724, 13.014871447685104, 0.0 ], [ 107.136878343103461, 13.015689348531895, 0.0 ], [ 107.136810661268967, 13.016596996876826, 0.0 ], [ 107.136532185130022, 13.017172012529395, 0.0 ], [ 107.136020861873433, 13.018000852395302, 0.0 ], [ 107.136244281521527, 13.018596585552356, 0.0 ], [ 107.136608770731385, 13.019319932394007, 0.0 ], [ 107.13676271559595, 13.020008866650512, 0.0 ], [ 107.13648301160714, 13.020239355644467, 0.0 ], [ 107.135912178055406, 13.020711724259543, 0.0 ], [ 107.13580851735729, 13.021252540282839, 0.0 ], [ 107.136147608765029, 13.021297191462033, 0.0 ], [ 107.136649386698309, 13.021168797085412, 0.0 ], [ 107.137011309197263, 13.02112175917944, 0.0 ], [ 107.137794632528639, 13.021246337987311, 0.0 ], [ 107.139397584493068, 13.022034019662602, 0.0 ], [ 107.139095590903167, 13.022620528244463, 0.0 ], [ 107.13840642487385, 13.022795657765201, 0.0 ], [ 107.136912899768191, 13.023282416657494, 0.0 ], [ 107.136189367299352, 13.023548194264018, 0.0 ], [ 107.136552310865625, 13.023754183576855, 0.0 ], [ 107.137019669672583, 13.0237763127676, 0.0 ], [ 107.137743939466816, 13.023865229365391, 0.0 ], [ 107.138339965058591, 13.023978924117419, 0.0 ], [ 107.139299023429231, 13.024308768303916, 0.0 ], [ 107.140153585094552, 13.024812304031789, 0.0 ], [ 107.140668757618059, 13.025303955005764, 0.0 ], [ 107.141150614591467, 13.026141544728368, 0.0 ], [ 107.141840388735233, 13.026438584289451, 0.0 ], [ 107.143055401376486, 13.02632009583701, 0.0 ], [ 107.143767353838371, 13.026248689714739, 0.0 ], [ 107.144235104789772, 13.026315986694842, 0.0 ], [ 107.144551002647901, 13.02647603799306, 0.0 ], [ 107.144844504753451, 13.02691190175981, 0.0 ], [ 107.144915952020455, 13.027382363203285, 0.0 ], [ 107.144847642871312, 13.027945479911953, 0.0 ], [ 107.144803170581397, 13.02860102821939, 0.0 ], [ 107.145154648806752, 13.029012689140279, 0.0 ], [ 107.144583640126513, 13.02953139307367, 0.0 ], [ 107.144106952960939, 13.030233444623319, 0.0 ], [ 107.143969701900204, 13.031152962713119, 0.0 ], [ 107.144906312213237, 13.031748427435948, 0.0 ], [ 107.145340538367506, 13.032470047694742, 0.0 ], [ 107.145097447310846, 13.033206314304044, 0.0 ], [ 107.144525687152097, 13.033438101948157, 0.0 ], [ 107.143860920474054, 13.033773454804358, 0.0 ], [ 107.144212610327685, 13.034208836307799, 0.0 ], [ 107.145219002370936, 13.034744979970075, 0.0 ], [ 107.145919660991993, 13.034697380072668, 0.0 ], [ 107.146154794490585, 13.035110002890544, 0.0 ], [ 107.145981349742172, 13.035638971707876, 0.0 ], [ 107.14579571144931, 13.036156746248475, 0.0 ], [ 107.145914737932273, 13.036799643081485, 0.0 ], [ 107.14575200592337, 13.037168118059771, 0.0 ], [ 107.145203536584134, 13.037295790333831, 0.0 ], [ 107.144059051903696, 13.037448730764803, 0.0 ], [ 107.143756526284349, 13.037839825308094, 0.0 ], [ 107.144260632788601, 13.038446775712556, 0.0 ], [ 107.144996422403921, 13.038329978988418, 0.0 ], [ 107.14582501317895, 13.038085893767557, 0.0 ], [ 107.14608368116204, 13.038488154478467, 0.0 ], [ 107.146295832807837, 13.039107686405886, 0.0 ], [ 107.146403299866492, 13.039946102419407, 0.0 ], [ 107.145914167231865, 13.040475430435666, 0.0 ], [ 107.144863802303007, 13.040789131002667, 0.0 ], [ 107.144071518229211, 13.041503965585846, 0.0 ], [ 107.144213267253022, 13.042042749960975, 0.0 ], [ 107.144519855615158, 13.042858055878142, 0.0 ], [ 107.144218195126058, 13.043617399806198, 0.0 ], [ 107.143672013957669, 13.04448043590166, 0.0 ], [ 107.143615772176858, 13.045307783987157, 0.0 ], [ 107.144340681336459, 13.045396667127187, 0.0 ], [ 107.144925337124135, 13.045521728020089, 0.0 ], [ 107.145287805911991, 13.045601186469101, 0.0 ], [ 107.145569241068742, 13.046037145393031, 0.0 ], [ 107.145383791541803, 13.046577511367484, 0.0 ], [ 107.144825592132108, 13.047383038245925, 0.0 ], [ 107.144921069078606, 13.047899613386631, 0.0 ], [ 107.144981462042139, 13.048623198724462, 0.0 ], [ 107.144983789754733, 13.049427468369711, 0.0 ], [ 107.14591030710551, 13.050446608918083, 0.0 ], [ 107.145595782196352, 13.050850231620061, 0.0 ], [ 107.145129956007125, 13.051345479279634, 0.0 ], [ 107.144943738872982, 13.051530021810278, 0.0 ], [ 107.144559419617735, 13.051990703388556, 0.0 ], [ 107.144771547883067, 13.052472421532753, 0.0 ], [ 107.145401948231367, 13.052355361965901, 0.0 ], [ 107.146277769804186, 13.052238523805116, 0.0 ], [ 107.146290945982457, 13.052697039447565, 0.0 ], [ 107.146022964479329, 13.053020074696169, 0.0 ], [ 107.145358036277599, 13.05327523587404, 0.0 ], [ 107.144470317440664, 13.05341589215934, 0.0 ], [ 107.143863841881114, 13.053635546974713, 0.0 ], [ 107.143348756028843, 13.053429706901936, 0.0 ], [ 107.143008210361984, 13.052753626174619, 0.0 ], [ 107.142562901333847, 13.052421818111746, 0.0 ], [ 107.142190690102069, 13.052951303556201, 0.0 ], [ 107.141948083285982, 13.05381295442918, 0.0 ], [ 107.141903077937087, 13.054273082904938, 0.0 ], [ 107.142336647712526, 13.054846727775093, 0.0 ], [ 107.142373463114481, 13.05537508522041, 0.0 ], [ 107.141978205134549, 13.05590476280765, 0.0 ], [ 107.141477744235942, 13.056594586982639, 0.0 ], [ 107.141177800472377, 13.057756062308773, 0.0 ], [ 107.14079492634157, 13.058653892036718, 0.0 ], [ 107.140808128915779, 13.059250223685529, 0.0 ], [ 107.14143926803024, 13.05928340361587, 0.0 ], [ 107.142502440884272, 13.059176319616833, 0.0 ], [ 107.142643583194243, 13.059509517417991, 0.0 ], [ 107.142434289417366, 13.059958581596671, 0.0 ], [ 107.141864099547888, 13.060580078402548, 0.0 ], [ 107.141305553463695, 13.061282810584201, 0.0 ], [ 107.140838993365165, 13.061628950369716, 0.0 ], [ 107.140662293768983, 13.061180823648636, 0.0 ], [ 107.140391544261774, 13.060515459421781, 0.0 ], [ 107.139620236071522, 13.060529751191048, 0.0 ], [ 107.138418276137628, 13.060912470821545, 0.0 ], [ 107.138174204047004, 13.061338098427532, 0.0 ], [ 107.138852736917073, 13.061588909951093, 0.0 ], [ 107.139391607248314, 13.062012578057077, 0.0 ], [ 107.13958110791549, 13.063010724855848, 0.0 ], [ 107.139468071850146, 13.064067857055694, 0.0 ], [ 107.139060300190266, 13.064551320989096, 0.0 ], [ 107.138348880043722, 13.064898353732017, 0.0 ], [ 107.138030465442299, 13.065059449997579, 0.0 ], [ 107.137773939839107, 13.065104183438578, 0.0 ], [ 107.137493861150872, 13.06556399670921, 0.0 ], [ 107.137131926020558, 13.065817766679213, 0.0 ], [ 107.137190852616541, 13.066104203616696, 0.0 ], [ 107.137448006125268, 13.066126928294048, 0.0 ], [ 107.137693523446487, 13.066069546652688, 0.0 ], [ 107.138324806639716, 13.06584969508938, 0.0 ], [ 107.139119765312728, 13.065435323714782, 0.0 ], [ 107.139517522386114, 13.065193680583551, 0.0 ], [ 107.139938897005337, 13.065352857895654, 0.0 ], [ 107.140243599025695, 13.065812349514729, 0.0 ], [ 107.140595418807422, 13.066524485352302, 0.0 ], [ 107.140865691062999, 13.067133371884047, 0.0 ], [ 107.141182993411149, 13.068051383254526, 0.0 ], [ 107.141476180510466, 13.06851096884974, 0.0 ], [ 107.142002510097171, 13.068613919472609, 0.0 ], [ 107.142552335364059, 13.068635342404827, 0.0 ], [ 107.143044411247857, 13.068841371111374, 0.0 ], [ 107.143372488904447, 13.069404588478303, 0.0 ], [ 107.143677649508419, 13.070115976303407, 0.0 ], [ 107.143936129482313, 13.07075884329976, 0.0 ], [ 107.143808025244169, 13.07106942196422, 0.0 ], [ 107.143551458766169, 13.071448842917349, 0.0 ], [ 107.143259250607031, 13.071770949818911, 0.0 ], [ 107.142990565598382, 13.072081565135262, 0.0 ], [ 107.142628363031847, 13.072438139936422, 0.0 ], [ 107.142395442431365, 13.072887401305996, 0.0 ], [ 107.142465946296383, 13.073312682889831, 0.0 ], [ 107.142607187420211, 13.073656044979643, 0.0 ], [ 107.142829340685296, 13.073828164029788, 0.0 ], [ 107.143309211914044, 13.073954088064697, 0.0 ], [ 107.143812383556437, 13.073975893739297, 0.0 ], [ 107.144549534533581, 13.074204734812804, 0.0 ], [ 107.144889441105292, 13.074468501650735, 0.0 ], [ 107.14533504011311, 13.07496183270176, 0.0 ], [ 107.14578014279725, 13.075397555470431, 0.0 ], [ 107.146190270375712, 13.075719477565903, 0.0 ], [ 107.146647054714904, 13.076039881355408, 0.0 ], [ 107.146846570036502, 13.076591734466705, 0.0 ], [ 107.14690587429682, 13.077119901629509, 0.0 ], [ 107.147163655127642, 13.077280422698291, 0.0 ], [ 107.147315339598535, 13.077165070040083, 0.0 ], [ 107.147502274749598, 13.077061850796889, 0.0 ], [ 107.147712908091947, 13.076900823028415, 0.0 ], [ 107.148145377849218, 13.076807986658286, 0.0 ], [ 107.148882426865569, 13.076691152248937, 0.0 ], [ 107.149350608734309, 13.076863475217255, 0.0 ], [ 107.149257617386269, 13.077369186909838, 0.0 ], [ 107.148825482119037, 13.077633723861441, 0.0 ], [ 107.148603424504728, 13.077806143738123, 0.0 ], [ 107.14863871663421, 13.077956088787269, 0.0 ], [ 107.148849129052934, 13.078035669835279, 0.0 ], [ 107.149130197869383, 13.078024294291438, 0.0 ], [ 107.149282175187722, 13.077942826538553, 0.0 ], [ 107.149644435085193, 13.07779296163039, 0.0 ], [ 107.150041817736621, 13.077573896447147, 0.0 ], [ 107.150474743349051, 13.077400849771537, 0.0 ], [ 107.150696722302001, 13.077286039458555, 0.0 ], [ 107.151164364118685, 13.077262940214904, 0.0 ], [ 107.151855450923946, 13.077559918455565, 0.0 ], [ 107.15228867592144, 13.078019449297772, 0.0 ], [ 107.152593809838308, 13.078524101173231, 0.0 ], [ 107.15289879270864, 13.079143975050583, 0.0 ], [ 107.153216082694613, 13.079787466600179, 0.0 ], [ 107.153813389661948, 13.080165422757316, 0.0 ], [ 107.154222555494528, 13.080175564723771, 0.0 ], [ 107.154643807307025, 13.080117827620827, 0.0 ], [ 107.15480770821452, 13.080082571199297, 0.0 ], [ 107.155134845406891, 13.080001898024351, 0.0 ], [ 107.155614164133723, 13.07986347231977, 0.0 ], [ 107.156000043321711, 13.07971340141142, 0.0 ], [ 107.156386225410699, 13.079598344449254, 0.0 ], [ 107.156889002964903, 13.079573812046414, 0.0 ], [ 107.15746200757512, 13.079343102988867, 0.0 ], [ 107.157754074126203, 13.079205108909839, 0.0 ], [ 107.158069958678908, 13.079089508509897, 0.0 ], [ 107.158257207515433, 13.079089072737634, 0.0 ], [ 107.158468109522943, 13.079158474761886, 0.0 ], [ 107.158959531771771, 13.079352047703919, 0.0 ], [ 107.159498582238285, 13.079788085834457, 0.0 ], [ 107.159627760944602, 13.08013266586055, 0.0 ], [ 107.159639950278802, 13.080672516094664, 0.0 ], [ 107.159793104375552, 13.081189724288086, 0.0 ], [ 107.160144505792374, 13.08157988685252, 0.0 ], [ 107.160554724340898, 13.081843041405476, 0.0 ], [ 107.161093256101694, 13.082152564284746, 0.0 ], [ 107.161772069510164, 13.082427021817159, 0.0 ], [ 107.162240341943175, 13.082541708656654, 0.0 ], [ 107.16256827607549, 13.082552517260389, 0.0 ], [ 107.162977847854322, 13.08260895417081, 0.0 ], [ 107.163200317012738, 13.082814936879112, 0.0 ], [ 107.163072087300492, 13.083240742965664, 0.0 ], [ 107.162815223517754, 13.083517389677207, 0.0 ], [ 107.162406570412969, 13.083896971669798, 0.0 ], [ 107.162161277082745, 13.084311332802782, 0.0 ], [ 107.162209218446534, 13.084919788269024, 0.0 ], [ 107.162326576519376, 13.085229446263956, 0.0 ], [ 107.162525510063688, 13.08537914713756, 0.0 ], [ 107.162724581336306, 13.085412496479742, 0.0 ], [ 107.163005374838605, 13.085434994199987, 0.0 ], [ 107.163415133409302, 13.085446244855293, 0.0 ], [ 107.163882982727827, 13.085445710775776, 0.0 ], [ 107.164339531745483, 13.085536769424484, 0.0 ], [ 107.16464374947077, 13.085536476771235, 0.0 ], [ 107.164994932128508, 13.085834005850076, 0.0 ], [ 107.165358002303009, 13.086041065426731, 0.0 ], [ 107.165708985917021, 13.086051675893255, 0.0 ], [ 107.166200249921616, 13.086027219258828, 0.0 ], [ 107.166574963387134, 13.086050054947084, 0.0 ], [ 107.166914476204667, 13.086198570594606, 0.0 ], [ 107.167570498968217, 13.086830156503341, 0.0 ], [ 107.167630297678215, 13.086937374713587, 0.0 ], [ 107.16785205328911, 13.087334982819918, 0.0 ], [ 107.167888488434627, 13.087943531639786, 0.0 ], [ 107.167982691469433, 13.088437505258311, 0.0 ], [ 107.168240594299746, 13.088609296346753, 0.0 ], [ 107.168813944678988, 13.088746807450759, 0.0 ], [ 107.169177262310569, 13.089113132027913, 0.0 ], [ 107.169294919565331, 13.089653221055331, 0.0 ], [ 107.169505599073403, 13.089629987797183, 0.0 ], [ 107.169856560037033, 13.089571685540857, 0.0 ], [ 107.170523796659808, 13.08963949707125, 0.0 ], [ 107.171260937349032, 13.089925860573139, 0.0 ], [ 107.172174399210121, 13.090476192508241, 0.0 ], [ 107.173076623969592, 13.091255923499489, 0.0 ], [ 107.173405986768771, 13.091743983624871, 0.0 ], [ 107.17359174231828, 13.091449407167277, 0.0 ], [ 107.173672315657655, 13.091246386631139, 0.0 ], [ 107.174535544204161, 13.090864085434982, 0.0 ], [ 107.175631940152641, 13.090264063338672, 0.0 ], [ 107.175981031083438, 13.089664692385204, 0.0 ] ] ] } },
{ "type": "Feature", "properties": { "Project": "SWS", "Category": "CPA", "Eng_Name": "Pu Chrey", "Prakas_Ha": 2433, "Kh_Uni": "ពូជ្រៃ", "ID": 12, "Field": "ពូជ្រៃ", "Field2": "2423", "Size": 2433 }, "geometry": { "type": "Polygon", "coordinates": [ [ [ 107.157528530111222, 12.748818989464391, 0.0 ], [ 107.159490603298778, 12.745324780958523, 0.0 ], [ 107.160473224741381, 12.742480458993652, 0.0 ], [ 107.161065727211977, 12.741613533813828, 0.0 ], [ 107.164907229746589, 12.738317132514055, 0.0 ], [ 107.167250649801716, 12.734148034778167, 0.0 ], [ 107.168305006318448, 12.731334634310288, 0.0 ], [ 107.170748307004501, 12.729654445078863, 0.0 ], [ 107.171964799707851, 12.728094066814215, 0.0 ], [ 107.173689047526921, 12.727158706270819, 0.0 ], [ 107.174259795692706, 12.726485897861254, 0.0 ], [ 107.174469480807531, 12.724559016013517, 0.0 ], [ 107.17581784687637, 12.721860667470567, 0.0 ], [ 107.177853464393493, 12.719538343296618, 0.0 ], [ 107.179168045977192, 12.718767574041083, 0.0 ], [ 107.179120733583659, 12.71869841287387, 0.0 ], [ 107.177423132893836, 12.716495936342207, 0.0 ], [ 107.179918301060539, 12.714921250252546, 0.0 ], [ 107.181694642563897, 12.717204208314605, 0.0 ], [ 107.18173002624637, 12.717265397179611, 0.0 ], [ 107.185493115494467, 12.715058898716492, 0.0 ], [ 107.18674711091225, 12.713795302271036, 0.0 ], [ 107.189662913605503, 12.709709537724695, 0.0 ], [ 107.192259821798672, 12.708300648855772, 0.0 ], [ 107.193842232737779, 12.70668562849683, 0.0 ], [ 107.19155347158086, 12.702498490778872, 0.0 ], [ 107.190635988844733, 12.702736006033813, 0.0 ], [ 107.189689222270999, 12.703072306774375, 0.0 ], [ 107.183680987606849, 12.70559900467665, 0.0 ], [ 107.180853988299859, 12.705449004329903, 0.0 ], [ 107.175601987715424, 12.703603004072839, 0.0 ], [ 107.17191398731687, 12.700990006763874, 0.0 ], [ 107.165929001322965, 12.705595680884423, 0.0 ], [ 107.161378346965535, 12.707250648142592, 0.0 ], [ 107.158250616301189, 12.706937984553189, 0.0 ], [ 107.156353876369465, 12.706246500351249, 0.0 ], [ 107.156070196958339, 12.705305530792637, 0.0 ], [ 107.154004072713576, 12.704932787979079, 0.0 ], [ 107.150306487397941, 12.707471829239546, 0.0 ], [ 107.148236173534002, 12.707132353355606, 0.0 ], [ 107.146211768308262, 12.70781899707405, 0.0 ], [ 107.145593521214565, 12.706831925936569, 0.0 ], [ 107.146189761987131, 12.705256681193367, 0.0 ], [ 107.145899005540272, 12.701760443397413, 0.0 ], [ 107.145021628277092, 12.701007459569226, 0.0 ], [ 107.144812724286467, 12.699150344400566, 0.0 ], [ 107.142753301565165, 12.698588936643993, 0.0 ], [ 107.137995827727011, 12.698849852208605, 0.0 ], [ 107.135048154877595, 12.700552631945188, 0.0 ], [ 107.135958442307711, 12.702205761121165, 0.0 ], [ 107.135273094038951, 12.70618313693085, 0.0 ], [ 107.132765092264833, 12.707747554240951, 0.0 ], [ 107.131200236931221, 12.711267674833007, 0.0 ], [ 107.129291506360829, 12.716401474554633, 0.0 ], [ 107.129070979838488, 12.719686077275094, 0.0 ], [ 107.130602825824553, 12.72227306340355, 0.0 ], [ 107.133481411574536, 12.725314691247927, 0.0 ], [ 107.134038054841625, 12.727266544189078, 0.0 ], [ 107.134287556154391, 12.727981850360669, 0.0 ], [ 107.134168804225155, 12.72834151127198, 0.0 ], [ 107.133945211780542, 12.728736261848185, 0.0 ], [ 107.132843405204554, 12.729030477011973, 0.0 ], [ 107.13255848557101, 12.729717381431859, 0.0 ], [ 107.13251234007663, 12.731144167358432, 0.0 ], [ 107.131928856479064, 12.7318305855877, 0.0 ], [ 107.13165724825555, 12.733147962210118, 0.0 ], [ 107.131894994882757, 12.733773644651848, 0.0 ], [ 107.133457518867829, 12.733668622421833, 0.0 ], [ 107.13399293698285, 12.734441347032323, 0.0 ], [ 107.134122995231252, 12.736094943368327, 0.0 ], [ 107.135232948116212, 12.736770598432422, 0.0 ], [ 107.136203329081752, 12.737005184346424, 0.0 ], [ 107.136752163139178, 12.73772827874707, 0.0 ], [ 107.136061415867161, 12.738532580673253, 0.0 ], [ 107.136007572242221, 12.739046585115009, 0.0 ], [ 107.136071453490885, 12.739730677736125, 0.0 ], [ 107.135503683550951, 12.741332800398407, 0.0 ], [ 107.132715869719718, 12.741583525480328, 0.0 ], [ 107.13200648996694, 12.740162830315313, 0.0 ], [ 107.129777969726675, 12.739136201217867, 0.0 ], [ 107.127983456393125, 12.738654779193169, 0.0 ], [ 107.126929559399528, 12.737518378691366, 0.0 ], [ 107.125119511668743, 12.736737896849148, 0.0 ], [ 107.124718426462621, 12.737425820214954, 0.0 ], [ 107.12408388010401, 12.738001411136446, 0.0 ], [ 107.122280773192188, 12.737844748737867, 0.0 ], [ 107.121992569999207, 12.738132308751039, 0.0 ], [ 107.121065065393609, 12.738425084772102, 0.0 ], [ 107.120590633927378, 12.737287712908476, 0.0 ], [ 107.119016643048184, 12.736729824517528, 0.0 ], [ 107.118789426808206, 12.737359245026621, 0.0 ], [ 107.11862501937469, 12.738558660694261, 0.0 ], [ 107.117948900823663, 12.741131586425444, 0.0 ], [ 107.11796075286189, 12.742557916917784, 0.0 ], [ 107.119131809726795, 12.743324048285142, 0.0 ], [ 107.119836280211018, 12.744425694385884, 0.0 ], [ 107.119725680310538, 12.745111194714978, 0.0 ], [ 107.118869104615428, 12.746943850539152, 0.0 ], [ 107.125456609554021, 12.745672660285928, 0.0 ], [ 107.129224318851868, 12.747043123533821, 0.0 ], [ 107.137268203698611, 12.747827731042936, 0.0 ], [ 107.140809971140186, 12.747500855645079, 0.0 ], [ 107.143639145754832, 12.746736890523003, 0.0 ], [ 107.148443789663418, 12.749878966879706, 0.0 ], [ 107.147767212219946, 12.751529218872852, 0.0 ], [ 107.149183546772065, 12.754626474262313, 0.0 ], [ 107.151717356755711, 12.754858896690875, 0.0 ], [ 107.154364200739082, 12.755181803398246, 0.0 ], [ 107.154381634974754, 12.755102532606667, 0.0 ], [ 107.156432885760481, 12.751630276057561, 0.0 ], [ 107.157528530111222, 12.748818989464391, 0.0 ] ] ] } },
{ "type": "Feature", "properties": { "Project": "SWS", "Category": "CPA", "Eng_Name": "Trapeang Khaerm", "Prakas_Ha": 2410, "Kh_Uni": "ត្រពាំងក្អើម", "ID": 13, "Field": "ត្រពាំងក្អើម", "Field2": "2410", "Size": 2410 }, "geometry": { "type": "Polygon", "coordinates": [ [ [ 107.216174007561861, 12.797032738818487, 0.0 ], [ 107.216395845352324, 12.796998114435752, 0.0 ], [ 107.216956222347889, 12.797046490821558, 0.0 ], [ 107.217610335617763, 12.797152815530286, 0.0 ], [ 107.217983419260037, 12.797303298653521, 0.0 ], [ 107.218717540116501, 12.797674399900551, 0.0 ], [ 107.219276013513763, 12.798228842164642, 0.0 ], [ 107.219362777559496, 12.798280600823372, 0.0 ], [ 107.22159200328683, 12.794374484560095, 0.0 ], [ 107.237036130034696, 12.777158133226068, 0.0 ], [ 107.237144353849729, 12.776986031396877, 0.0 ], [ 107.237266949570127, 12.776898318047621, 0.0 ], [ 107.249358456142588, 12.763155191908638, 0.0 ], [ 107.250055166490569, 12.762962296056822, 0.0 ], [ 107.250027327694909, 12.762786214855455, 0.0 ], [ 107.250003498711649, 12.762588309655643, 0.0 ], [ 107.249987008323757, 12.762389684968154, 0.0 ], [ 107.249977875410124, 12.762190603599729, 0.0 ], [ 107.249976113325758, 12.761991328403601, 0.0 ], [ 107.249981725291036, 12.761792121415096, 0.0 ], [ 107.249983796860249, 12.761751113084392, 0.0 ], [ 107.249977979881862, 12.76171827412424, 0.0 ], [ 107.24995858358929, 12.761639221367577, 0.0 ], [ 107.249931944432305, 12.761562228287479, 0.0 ], [ 107.249898281629015, 12.761487930993708, 0.0 ], [ 107.249857875906827, 12.761416946095094, 0.0 ], [ 107.249811061145138, 12.761349862637822, 0.0 ], [ 107.249758226152565, 12.761287234861372, 0.0 ], [ 107.249699807310279, 12.761229583164845, 0.0 ], [ 107.249636289404663, 12.761177384159934, 0.0 ], [ 107.249568198262764, 12.761131070733679, 0.0 ], [ 107.249496099783997, 12.761091026635039, 0.0 ], [ 107.249420589782034, 12.761057582946819, 0.0 ], [ 107.249342294913518, 12.761031018981539, 0.0 ], [ 107.249279567175677, 12.761015187070051, 0.0 ], [ 107.249270273248172, 12.76101528248129, 0.0 ], [ 107.249129009196011, 12.761012854534055, 0.0 ], [ 107.248988068623873, 12.761003173729408, 0.0 ], [ 107.248847838446892, 12.760986266592321, 0.0 ], [ 107.248708701128976, 12.760962176855953, 0.0 ], [ 107.248571040278065, 12.760930973546957, 0.0 ], [ 107.248435230431738, 12.760892741132151, 0.0 ], [ 107.248367373889749, 12.760870763510244, 0.0 ], [ 107.248089185401454, 12.760524571434535, 0.0 ], [ 107.247814174102629, 12.760170688897075, 0.0 ], [ 107.247545068845753, 12.759812459710092, 0.0 ], [ 107.247406680102799, 12.759623374127248, 0.0 ], [ 107.247388128649987, 12.759489642622736, 0.0 ], [ 107.24736413726508, 12.759273240304333, 0.0 ], [ 107.247347484912709, 12.759056175511198, 0.0 ], [ 107.247338193941417, 12.758838687526451, 0.0 ], [ 107.247336272890863, 12.758621015750155, 0.0 ], [ 107.24734172203928, 12.758403402363015, 0.0 ], [ 107.247354538879065, 12.758186086857851, 0.0 ], [ 107.247374706173431, 12.757969308852152, 0.0 ], [ 107.247390894157178, 12.757835281793572, 0.0 ], [ 107.24739632136162, 12.757817358590676, 0.0 ], [ 107.247435656465257, 12.757672983853759, 0.0 ], [ 107.247467727329351, 12.757526888901848, 0.0 ], [ 107.247492456053209, 12.757379425017062, 0.0 ], [ 107.24750978410799, 12.757230947834309, 0.0 ], [ 107.247519668630474, 12.75708181466193, 0.0 ], [ 107.247522086121094, 12.756932386257466, 0.0 ], [ 107.247517313939625, 12.756787903274247, 0.0 ], [ 107.247510584458041, 12.75674966717393, 0.0 ], [ 107.247491238208653, 12.756671954629624, 0.0 ], [ 107.247464669672823, 12.756596326802869, 0.0 ], [ 107.247431105492524, 12.756523427877184, 0.0 ], [ 107.247390831953069, 12.756453879840704, 0.0 ], [ 107.247344192157513, 12.756388275281118, 0.0 ], [ 107.24729158507408, 12.756327173779322, 0.0 ], [ 107.247233458147718, 12.756271099261465, 0.0 ], [ 107.247170308108977, 12.75622052734095, 0.0 ], [ 107.247102674578059, 12.756175890794992, 0.0 ], [ 107.247046498916347, 12.75614510111332, 0.0 ], [ 107.246977232984463, 12.756100548896034, 0.0 ], [ 107.246889740532609, 12.756036588383651, 0.0 ], [ 107.246806899337273, 12.755966916933332, 0.0 ], [ 107.246729095230521, 12.755891857488514, 0.0 ], [ 107.246656691276243, 12.755811761200027, 0.0 ], [ 107.246590024048274, 12.755727002939343, 0.0 ], [ 107.24652940542336, 12.755637975861234, 0.0 ], [ 107.246475118018509, 12.755545095960793, 0.0 ], [ 107.246427413293986, 12.755448795763865, 0.0 ], [ 107.246386516164179, 12.755349525191299, 0.0 ], [ 107.246380382231976, 12.755332744916313, 0.0 ], [ 107.246379845357566, 12.755330745168909, 0.0 ], [ 107.246360511692572, 12.755274016178781, 0.0 ], [ 107.246334087490936, 12.75522011175026, 0.0 ], [ 107.246300988109297, 12.755169884113121, 0.0 ], [ 107.246261736993645, 12.755124124033195, 0.0 ], [ 107.246216951807185, 12.75508355370115, 0.0 ], [ 107.246167340628432, 12.755048813210278, 0.0 ], [ 107.246113683444804, 12.75502044987007, 0.0 ], [ 107.246056828398821, 12.754998910105414, 0.0 ], [ 107.245997672424906, 12.754984536006594, 0.0 ], [ 107.245937146409346, 12.754977552804469, 0.0 ], [ 107.24587620600127, 12.754978070755778, 0.0 ], [ 107.245815812249489, 12.754986081693156, 0.0 ], [ 107.245776601940364, 12.754995449705193, 0.0 ], [ 107.245684305590018, 12.754995799440447, 0.0 ], [ 107.245547861294312, 12.755002452308689, 0.0 ], [ 107.245411990498269, 12.755016409017692, 0.0 ], [ 107.245277099731325, 12.755037627258599, 0.0 ], [ 107.245143589824949, 12.755066044891292, 0.0 ], [ 107.24501186049163, 12.755101577194356, 0.0 ], [ 107.244963676086201, 12.755116498407553, 0.0 ], [ 107.244956139553025, 12.755117086558105, 0.0 ], [ 107.244847437123894, 12.75512165630928, 0.0 ], [ 107.244738670390703, 12.755118934041793, 0.0 ], [ 107.244630346737921, 12.755108932613567, 0.0 ], [ 107.244522971067312, 12.755091696532551, 0.0 ], [ 107.244417043107688, 12.755067310112379, 0.0 ], [ 107.244342865833403, 12.75504567580964, 0.0 ], [ 107.244279195597016, 12.754998557639317, 0.0 ], [ 107.244141295248085, 12.754889858406321, 0.0 ], [ 107.244008186184615, 12.754775549146888, 0.0 ], [ 107.243913334440748, 12.754687871977742, 0.0 ], [ 107.243873478458639, 12.754641117150943, 0.0 ], [ 107.243821866116917, 12.754591324638458, 0.0 ], [ 107.243765234862806, 12.754547100600471, 0.0 ], [ 107.24370420393717, 12.754508929559226, 0.0 ], [ 107.243639442628421, 12.754477229645515, 0.0 ], [ 107.243571660106866, 12.754452348166781, 0.0 ], [ 107.243501598941336, 12.754434557144103, 0.0 ], [ 107.243430027727058, 12.754424052471034, 0.0 ], [ 107.2433577299837, 12.754420947682428, 0.0 ], [ 107.243285496831191, 12.754425278534789, 0.0 ], [ 107.243271470619774, 12.754426988043171, 0.0 ], [ 107.243221989636353, 12.754427035774281, 0.0 ], [ 107.243166718657804, 12.754420056995063, 0.0 ], [ 107.243112930722972, 12.75440575501354, 0.0 ], [ 107.243061627060868, 12.754384396947355, 0.0 ], [ 107.243013764947193, 12.754356381318606, 0.0 ], [ 107.24297023460251, 12.754322228309672, 0.0 ], [ 107.242931847193034, 12.754282576250187, 0.0 ], [ 107.242899319006042, 12.754238161870745, 0.0 ], [ 107.24287325390361, 12.754189814125898, 0.0 ], [ 107.242854138528926, 12.754138432546871, 0.0 ], [ 107.242842329315295, 12.754084975604009, 0.0 ], [ 107.24283804583564, 12.754030437267854, 0.0 ], [ 107.242841367929827, 12.753975834382205, 0.0 ], [ 107.242852233665033, 12.753922184089744, 0.0 ], [ 107.24285981297308, 12.753897817656419, 0.0 ], [ 107.242858894671542, 12.753890869081555, 0.0 ], [ 107.242847202875637, 12.753834540214537, 0.0 ], [ 107.242828269949413, 12.753780141568125, 0.0 ], [ 107.242802403890522, 12.753728566956203, 0.0 ], [ 107.24277003194463, 12.753680661286401, 0.0 ], [ 107.242731684884433, 12.753637212560804, 0.0 ], [ 107.242687992247497, 12.753598933843433, 0.0 ], [ 107.24263967121027, 12.753566454318239, 0.0 ], [ 107.242587516350667, 12.753540306724927, 0.0 ], [ 107.242532382094225, 12.753520920278868, 0.0 ], [ 107.242475176206938, 12.753508613497095, 0.0 ], [ 107.242416835805685, 12.753503588076368, 0.0 ], [ 107.242358319978322, 12.753505927148559, 0.0 ], [ 107.242300589500275, 12.753515591837976, 0.0 ], [ 107.242275084947153, 12.753522303741152, 0.0 ], [ 107.24223404493128, 12.753524094188723, 0.0 ], [ 107.24213685937697, 12.753523068949798, 0.0 ], [ 107.242040046963425, 12.753514653994982, 0.0 ], [ 107.241944190890877, 12.753498899499094, 0.0 ], [ 107.241849865559757, 12.753475901799131, 0.0 ], [ 107.241757640212782, 12.753445798845069, 0.0 ], [ 107.241668068816693, 12.753408771189353, 0.0 ], [ 107.241581690054019, 12.75336504108326, 0.0 ], [ 107.24149902271229, 12.753314871612268, 0.0 ], [ 107.241420565675739, 12.753258565792416, 0.0 ], [ 107.241346788672089, 12.753196461226741, 0.0 ], [ 107.241278136875152, 12.753128930066111, 0.0 ], [ 107.241215023564166, 12.753056381782356, 0.0 ], [ 107.241185324657678, 12.753017903665294, 0.0 ], [ 107.241137605521885, 12.752921984474668, 0.0 ], [ 107.241078217109575, 12.752788137293377, 0.0 ], [ 107.241025754192535, 12.75265153032324, 0.0 ], [ 107.240980349597109, 12.752512507641821, 0.0 ], [ 107.240942118737721, 12.752371422510604, 0.0 ], [ 107.240911158624783, 12.752228629250387, 0.0 ], [ 107.240887547, 12.752084489574235, 0.0 ], [ 107.240871343209392, 12.751939367157989, 0.0 ], [ 107.240862587290692, 12.751793628551649, 0.0 ], [ 107.240861302735311, 12.751647643155925, 0.0 ], [ 107.240867492750539, 12.751501776928228, 0.0 ], [ 107.240880075400639, 12.751365422652993, 0.0 ], [ 107.240881429082677, 12.751363269501143, 0.0 ], [ 107.240947430496192, 12.751251241609705, 0.0 ], [ 107.241006929560996, 12.751135756311513, 0.0 ], [ 107.241059737088818, 12.751017178485368, 0.0 ], [ 107.241105688810592, 12.750895880027578, 0.0 ], [ 107.24114463897223, 12.750772244424445, 0.0 ], [ 107.241176465786097, 12.750646658573183, 0.0 ], [ 107.24120106872499, 12.750519519130314, 0.0 ], [ 107.241218370299379, 12.750391225267412, 0.0 ], [ 107.241220196500066, 12.75037330375417, 0.0 ], [ 107.24121924496373, 12.750368533266121, 0.0 ], [ 107.241199997680553, 12.750292348002121, 0.0 ], [ 107.241173567030685, 12.750218265910688, 0.0 ], [ 107.241140185227223, 12.750146939270161, 0.0 ], [ 107.241100145014755, 12.750078994542918, 0.0 ], [ 107.241053800542062, 12.750015026946198, 0.0 ], [ 107.241001557251991, 12.749955602345217, 0.0 ], [ 107.240943873571425, 12.749901240069494, 0.0 ], [ 107.240881258205349, 12.749852419261567, 0.0 ], [ 107.240814259915567, 12.749809568119845, 0.0 ], [ 107.240743469362002, 12.749773063883151, 0.0 ], [ 107.240669506167578, 12.749743227518461, 0.0 ], [ 107.240593022568831, 12.749720320075529, 0.0 ], [ 107.240514688695555, 12.749704543715271, 0.0 ], [ 107.240435195284931, 12.749696036264895, 0.0 ], [ 107.240419631861201, 12.749695231976631, 0.0 ], [ 107.240402452271837, 12.749703684931319, 0.0 ], [ 107.240110287006033, 12.749843123399145, 0.0 ], [ 107.239814962141722, 12.749975997963586, 0.0 ], [ 107.23951663266007, 12.750102238620117, 0.0 ], [ 107.239222647753067, 12.750219016089103, 0.0 ], [ 107.239155669560432, 12.750221582354747, 0.0 ], [ 107.23906454806135, 12.750218655523145, 0.0 ], [ 107.238973984049125, 12.750208352770114, 0.0 ], [ 107.238884596791976, 12.750190743853855, 0.0 ], [ 107.238796995876911, 12.750165949220483, 0.0 ], [ 107.238711780280781, 12.750134139108292, 0.0 ], [ 107.238629530966179, 12.75009552909205, 0.0 ], [ 107.238550811841364, 12.750050384593157, 0.0 ], [ 107.238476158642172, 12.749999012840753, 0.0 ], [ 107.238406082637781, 12.749941765551226, 0.0 ], [ 107.238341062298161, 12.749879033576743, 0.0 ], [ 107.238328034241789, 12.749865139841669, 0.0 ], [ 107.238302461143348, 12.749812384616378, 0.0 ], [ 107.23823297035662, 12.749680921776516, 0.0 ], [ 107.238156943120401, 12.749552993346491, 0.0 ], [ 107.238074561706682, 12.749428912250949, 0.0 ], [ 107.237986031312133, 12.749308981280175, 0.0 ], [ 107.237891566265816, 12.749193495014216, 0.0 ], [ 107.237797949265982, 12.749089649728724, 0.0 ], [ 107.237692663575743, 12.749089535169075, 0.0 ], [ 107.237377394705831, 12.749094010010433, 0.0 ], [ 107.237062318112748, 12.749105711247777, 0.0 ], [ 107.236867923918354, 12.749116542809311, 0.0 ], [ 107.236826554481269, 12.749112524544802, 0.0 ], [ 107.236761003079394, 12.749100063728704, 0.0 ], [ 107.236697326764173, 12.749080347786828, 0.0 ], [ 107.236636354521636, 12.749053636286613, 0.0 ], [ 107.236578881126334, 12.749020276741129, 0.0 ], [ 107.236525656999248, 12.748980702887437, 0.0 ], [ 107.236477375296275, 12.748935432084664, 0.0 ], [ 107.236434665361173, 12.748885053621672, 0.0 ], [ 107.23639808440106, 12.748830224268962, 0.0 ], [ 107.236368109122182, 12.748771659312604, 0.0 ], [ 107.236345130119645, 12.748710122661208, 0.0 ], [ 107.236329448092221, 12.74864641513016, 0.0 ], [ 107.236321266422877, 12.748581368178549, 0.0 ], [ 107.236320135794045, 12.748531438604294, 0.0 ], [ 107.236317887290909, 12.748484205076499, 0.0 ], [ 107.236321008272938, 12.748417003969648, 0.0 ], [ 107.236331512397243, 12.748350528403627, 0.0 ], [ 107.236349276685033, 12.748285556569058, 0.0 ], [ 107.236374093333978, 12.748222852011175, 0.0 ], [ 107.236405670504439, 12.748163148260931, 0.0 ], [ 107.23644363966001, 12.748107146061951, 0.0 ], [ 107.236487554536254, 12.748055500728164, 0.0 ], [ 107.236536899409828, 12.748008820266536, 0.0 ], [ 107.236591098161057, 12.747967649034715, 0.0 ], [ 107.236649513393161, 12.747932472266942, 0.0 ], [ 107.236711461025862, 12.747903700588523, 0.0 ], [ 107.236776214001125, 12.74788167269554, 0.0 ], [ 107.236779553122574, 12.747880741686158, 0.0 ], [ 107.236783979006418, 12.74787692693047, 0.0 ], [ 107.236859635646539, 12.747806579183708, 0.0 ], [ 107.236929987001872, 12.747731112778929, 0.0 ], [ 107.236994673734273, 12.747650912106282, 0.0 ], [ 107.237053368019332, 12.747566385688012, 0.0 ], [ 107.237105768935592, 12.747477965313571, 0.0 ], [ 107.237151610693672, 12.747386099644391, 0.0 ], [ 107.237190659914276, 12.74729125875505, 0.0 ], [ 107.237222716469091, 12.747193925089517, 0.0 ], [ 107.237247617170738, 12.747094594333532, 0.0 ], [ 107.237265234828143, 12.746993772711589, 0.0 ], [ 107.237275480984238, 12.746891974252707, 0.0 ], [ 107.237278303130168, 12.746789718103097, 0.0 ], [ 107.237273685593976, 12.746687524903896, 0.0 ], [ 107.237272880791508, 12.746678066750018, 0.0 ], [ 107.237291280262255, 12.74651584005249, 0.0 ], [ 107.237319162000418, 12.746331617493288, 0.0 ], [ 107.237354344494676, 12.746148602806638, 0.0 ], [ 107.237396774028824, 12.745967075678379, 0.0 ], [ 107.237446387642123, 12.745787311353602, 0.0 ], [ 107.237496240481434, 12.745629867280035, 0.0 ], [ 107.237539615041996, 12.745549677924839, 0.0 ], [ 107.237620192968279, 12.745389042372741, 0.0 ], [ 107.237694075079006, 12.74522533408798, 0.0 ], [ 107.237761135783188, 12.745058821621379, 0.0 ], [ 107.23782126793283, 12.7448897769818, 0.0 ], [ 107.23787437089581, 12.744718480255331, 0.0 ], [ 107.237875796514643, 12.744713511602006, 0.0 ], [ 107.23787738661018, 12.744676851919145, 0.0 ], [ 107.23787969791627, 12.744518433872175, 0.0 ], [ 107.237874605520688, 12.744360078476532, 0.0 ], [ 107.237862123411531, 12.744202119062736, 0.0 ], [ 107.237842276614714, 12.744044887963639, 0.0 ], [ 107.237815107621657, 12.743888714652773, 0.0 ], [ 107.237780673643385, 12.743733927574954, 0.0 ], [ 107.237739045682019, 12.743580853250494, 0.0 ], [ 107.237690313109383, 12.743429813525522, 0.0 ], [ 107.237634576310754, 12.743281126537982, 0.0 ], [ 107.237571955866017, 12.743135103928953, 0.0 ], [ 107.237502579678349, 12.742992052759046, 0.0 ], [ 107.237426595845349, 12.742852273592124, 0.0 ], [ 107.2373441634698, 12.742716062380536, 0.0 ], [ 107.237334872725739, 12.742701562179031, 0.0 ], [ 107.237279149757356, 12.742656750994906, 0.0 ], [ 107.237120509192067, 12.742522839827648, 0.0 ], [ 107.236966810558286, 12.74238348644931, 0.0 ], [ 107.236818247801665, 12.742238866345946, 0.0 ], [ 107.236675007557835, 12.742089161391403, 0.0 ], [ 107.236537269152393, 12.741934559847328, 0.0 ], [ 107.236405207370268, 12.741775257243326, 0.0 ], [ 107.236376812810292, 12.741739447472298, 0.0 ], [ 107.23638230392865, 12.741689913718313, 0.0 ], [ 107.236399032425254, 12.741496949456215, 0.0 ], [ 107.236408396722226, 12.741303506163662, 0.0 ], [ 107.23641038724854, 12.74110985501871, 0.0 ], [ 107.236404999019655, 12.740916265352791, 0.0 ], [ 107.23639224272317, 12.740723009075191, 0.0 ], [ 107.236372131791939, 12.740530356264028, 0.0 ], [ 107.236344698068436, 12.74033857684131, 0.0 ], [ 107.236309977973264, 12.740147937978758, 0.0 ], [ 107.236284281899813, 12.740028083604731, 0.0 ], [ 107.236218748001264, 12.739816176309962, 0.0 ], [ 107.236139808935349, 12.739538891063793, 0.0 ], [ 107.236067994615098, 12.739259745443112, 0.0 ], [ 107.23600334799653, 12.738978916212131, 0.0 ], [ 107.235945912050639, 12.738696581941856, 0.0 ], [ 107.235895722359814, 12.73841291855431, 0.0 ], [ 107.235852809950771, 12.738128107431514, 0.0 ], [ 107.235819564039261, 12.737863291299735, 0.0 ], [ 107.235815937573378, 12.737813701750508, 0.0 ], [ 107.235804248065165, 12.737736312239877, 0.0 ], [ 107.235785333293634, 12.737660312168861, 0.0 ], [ 107.235759356350115, 12.737586348083987, 0.0 ], [ 107.235726538205242, 12.737515053391061, 0.0 ], [ 107.235687158510146, 12.737447034793471, 0.0 ], [ 107.235641553771373, 12.737382874115164, 0.0 ], [ 107.235590112645227, 12.737323116592844, 0.0 ], [ 107.235533274120414, 12.737268273602533, 0.0 ], [ 107.235471523749084, 12.737218812751212, 0.0 ], [ 107.235445540645046, 12.737200616500528, 0.0 ], [ 107.235389800113978, 12.737167369904279, 0.0 ], [ 107.235325465731208, 12.737137328900946, 0.0 ], [ 107.235258242221903, 12.737114170195996, 0.0 ], [ 107.235188892283674, 12.737098158444336, 0.0 ], [ 107.235118200881146, 12.737089473169174, 0.0 ], [ 107.235046969763047, 12.737088213326658, 0.0 ], [ 107.234976004536009, 12.737094392896793, 0.0 ], [ 107.234906111911357, 12.737107941810304, 0.0 ], [ 107.23483808130355, 12.737128707007587, 0.0 ], [ 107.234772685750968, 12.737156452430924, 0.0 ], [ 107.234710664474335, 12.737190864593529, 0.0 ], [ 107.234652720123336, 12.737231553506408, 0.0 ], [ 107.234599510539837, 12.737278058169675, 0.0 ], [ 107.234593570788789, 12.737283907150955, 0.0 ], [ 107.234579042629463, 12.737292956249236, 0.0 ], [ 107.234495913991651, 12.737339582543605, 0.0 ], [ 107.234409313591939, 12.737379663069296, 0.0 ], [ 107.234319777793132, 12.737412950206956, 0.0 ], [ 107.234227857138819, 12.737439238690149, 0.0 ], [ 107.234134118202192, 12.737458366493525, 0.0 ], [ 107.234039139911843, 12.737470215767688, 0.0 ], [ 107.233943507108023, 12.737474712893588, 0.0 ], [ 107.233847809645681, 12.737471831201209, 0.0 ], [ 107.233752637752133, 12.737461586490532, 0.0 ], [ 107.233658577487759, 12.737444044299153, 0.0 ], [ 107.2335870729855, 12.737425571560166, 0.0 ], [ 107.233559891995938, 12.73740502755556, 0.0 ], [ 107.233487797608916, 12.737344330578111, 0.0 ], [ 107.233420711613149, 12.737278331062573, 0.0 ], [ 107.233359037018801, 12.737207426838397, 0.0 ], [ 107.233303145783211, 12.737132044011055, 0.0 ], [ 107.233253373279865, 12.737052636104991, 0.0 ], [ 107.233210019195283, 12.736969681344815, 0.0 ], [ 107.23317334380755, 12.736883678168386, 0.0 ], [ 107.233143568883108, 12.736795142508042, 0.0 ], [ 107.233120872161891, 12.736704608740773, 0.0 ], [ 107.233105390039853, 12.736612620628744, 0.0 ], [ 107.233097215728137, 12.736519731334827, 0.0 ], [ 107.233096399221679, 12.736426499808038, 0.0 ], [ 107.23310294541885, 12.736333486281108, 0.0 ], [ 107.233111834970742, 12.736269124482886, 0.0 ], [ 107.233154423512076, 12.736149486617338, 0.0 ], [ 107.233211387772641, 12.736009914557471, 0.0 ], [ 107.233275205967999, 12.735873230599095, 0.0 ], [ 107.233345728127674, 12.735739760420374, 0.0 ], [ 107.233422785761647, 12.735609817203926, 0.0 ], [ 107.233506196549953, 12.73548371153765, 0.0 ], [ 107.233595764263654, 12.735361742378689, 0.0 ], [ 107.233665136975887, 12.735275213725204, 0.0 ], [ 107.233666713522538, 12.73526434739613, 0.0 ], [ 107.233677093904106, 12.735163794773605, 0.0 ], [ 107.233679969440928, 12.73506276600919, 0.0 ], [ 107.233675324616428, 12.734961800720919, 0.0 ], [ 107.233663184415121, 12.734861438184412, 0.0 ], [ 107.233643615203292, 12.73476221280705, 0.0 ], [ 107.233616718285347, 12.734664654182517, 0.0 ], [ 107.233582639076872, 12.734569283398695, 0.0 ], [ 107.233541558780431, 12.734476608589771, 0.0 ], [ 107.233493697146955, 12.734387124912994, 0.0 ], [ 107.233439309666565, 12.734301309150517, 0.0 ], [ 107.233378685735516, 12.734219620628618, 0.0 ], [ 107.233312149505281, 12.734142493077684, 0.0 ], [ 107.233240055327698, 12.734070340092794, 0.0 ], [ 107.233162788588331, 12.734003545186413, 0.0 ], [ 107.233122460528037, 12.73397351507386, 0.0 ], [ 107.232088437254944, 12.734659043484461, 0.0 ], [ 107.231527968981624, 12.734781246777327, 0.0 ], [ 107.230663027904868, 12.734824685551182, 0.0 ], [ 107.229724368036898, 12.734859705996273, 0.0 ], [ 107.229158948285445, 12.735104890251883, 0.0 ], [ 107.228756156612747, 12.735000690362417, 0.0 ], [ 107.22780007410519, 12.734821692198022, 0.0 ], [ 107.227513442400763, 12.734939423986384, 0.0 ], [ 107.226454014126517, 12.7349483393709, 0.0 ], [ 107.225650309287403, 12.73495509994315, 0.0 ], [ 107.224442561934637, 12.734714203194677, 0.0 ], [ 107.223609638511959, 12.734603907441224, 0.0 ], [ 107.222743904660788, 12.734556959893347, 0.0 ], [ 107.222576927135975, 12.734442962510791, 0.0 ], [ 107.221856611861824, 12.734148721629699, 0.0 ], [ 107.221469061534364, 12.734043534308562, 0.0 ], [ 107.220632617982432, 12.733807203940479, 0.0 ], [ 107.220195559896823, 12.733683714908551, 0.0 ], [ 107.219633668111754, 12.733643244258353, 0.0 ], [ 107.219292693813273, 12.733600920003427, 0.0 ], [ 107.218405610676328, 12.733825877693636, 0.0 ], [ 107.216270718850112, 12.73436725676796, 0.0 ], [ 107.214900437452769, 12.734523316657159, 0.0 ], [ 107.214132320377331, 12.73511713377099, 0.0 ], [ 107.213855081458391, 12.735592009133832, 0.0 ], [ 107.213263885620606, 12.735820229458943, 0.0 ], [ 107.212836841566073, 12.736138497348072, 0.0 ], [ 107.211928183420824, 12.736780259132193, 0.0 ], [ 107.211233144126965, 12.737310201496429, 0.0 ], [ 107.210258658650318, 12.737462932154591, 0.0 ], [ 107.209245236965899, 12.737371991211134, 0.0 ], [ 107.208749257690457, 12.737502647089656, 0.0 ], [ 107.208154919845143, 12.737724214425267, 0.0 ], [ 107.208155230609066, 12.737760096039745, 0.0 ], [ 107.208163388312428, 12.737827219236221, 0.0 ], [ 107.208179017324397, 12.737893053783406, 0.0 ], [ 107.208201930295601, 12.73795680058277, 0.0 ], [ 107.208231848043553, 12.738017686604888, 0.0 ], [ 107.208243660021623, 12.738037778024424, 0.0 ], [ 107.20867624943827, 12.738757086072164, 0.0 ], [ 107.208681280157677, 12.73882771810659, 0.0 ], [ 107.208686294962888, 12.738975780209861, 0.0 ], [ 107.208683845323421, 12.739123904628569, 0.0 ], [ 107.208673936371483, 12.739271728946411, 0.0 ], [ 107.208656592577881, 12.739418891488592, 0.0 ], [ 107.208643918665786, 12.739499299127273, 0.0 ], [ 107.20864379390963, 12.739500731596506, 0.0 ], [ 107.208630629842517, 12.739694040860744, 0.0 ], [ 107.208624883209666, 12.739887700275723, 0.0 ], [ 107.208626561765996, 12.740081434152401, 0.0 ], [ 107.208630472397203, 12.740184281749714, 0.0 ], [ 107.208616457262636, 12.740243873496871, 0.0 ], [ 107.208591622711097, 12.740321131229843, 0.0 ], [ 107.208559832660285, 12.740395893236341, 0.0 ], [ 107.208521343341545, 12.740467558236221, 0.0 ], [ 107.208476465493618, 12.740535547085717, 0.0 ], [ 107.208425559854234, 12.740599313659287, 0.0 ], [ 107.208420931499035, 12.740604562009581, 0.0 ], [ 107.20838211845755, 12.740614217429469, 0.0 ], [ 107.208345190269725, 12.740631146185269, 0.0 ], [ 107.208312193622064, 12.740654629937113, 0.0 ], [ 107.208284319752934, 12.740683818320477, 0.0 ], [ 107.208262576790304, 12.740717658267892, 0.0 ], [ 107.208247751363572, 12.740754925958001, 0.0 ], [ 107.208240378633178, 12.740794274056691, 0.0 ], [ 107.208240725222709, 12.740834280658202, 0.0 ], [ 107.208248778610496, 12.740873499979674, 0.0 ], [ 107.208264247582989, 12.740910514770922, 0.0 ], [ 107.20828657371878, 12.740943986824716, 0.0 ], [ 107.208314949300998, 12.740972705626284, 0.0 ], [ 107.208348348101381, 12.740995635087973, 0.0 ], [ 107.208366256961, 12.741004526885527, 0.0 ], [ 107.208513046290349, 12.741121869482479, 0.0 ], [ 107.208690546410082, 12.741255120554051, 0.0 ], [ 107.208814934999808, 12.741343216255631, 0.0 ], [ 107.208815467140056, 12.7413622360601, 0.0 ], [ 107.208812261636012, 12.741422786721497, 0.0 ], [ 107.208801645631624, 12.741482517273743, 0.0 ], [ 107.208783771751939, 12.74154055619948, 0.0 ], [ 107.20875890146354, 12.741596056374828, 0.0 ], [ 107.208739892209366, 12.741629205715547, 0.0 ], [ 107.2087333200854, 12.741635364946168, 0.0 ], [ 107.208683289323545, 12.741687918664667, 0.0 ], [ 107.208638930528792, 12.741745172041265, 0.0 ], [ 107.208600699820877, 12.741806536589662, 0.0 ], [ 107.208568989452175, 12.741871383690935, 0.0 ], [ 107.208544125982101, 12.741939046416077, 0.0 ], [ 107.208529856215137, 12.741992418466227, 0.0 ], [ 107.208416550542196, 12.742335799243648, 0.0 ], [ 107.208415115064724, 12.742336299215944, 0.0 ], [ 107.208342810698326, 12.742365415798513, 0.0 ], [ 107.208273653151338, 12.742401148132451, 0.0 ], [ 107.208208269282608, 12.742443170181183, 0.0 ], [ 107.20814724960556, 12.742491104702104, 0.0 ], [ 107.208091149138312, 12.74254451510626, 0.0 ], [ 107.208040474625889, 12.742602918216333, 0.0 ], [ 107.207995684547996, 12.742665785170178, 0.0 ], [ 107.207957185491608, 12.742732547776631, 0.0 ], [ 107.207935867969482, 12.742777367493286, 0.0 ], [ 107.207922863009316, 12.742789729046244, 0.0 ], [ 107.207829275774117, 12.742884481198303, 0.0 ], [ 107.207741197010805, 12.742984191922529, 0.0 ], [ 107.207658900236197, 12.743088553497442, 0.0 ], [ 107.207582637671067, 12.743197243920131, 0.0 ], [ 107.207533194189494, 12.74327535769091, 0.0 ], [ 107.207507915552782, 12.743282380621389, 0.0 ], [ 107.207402604351472, 12.743306901666475, 0.0 ], [ 107.207295820482557, 12.743324231733176, 0.0 ], [ 107.207188073263865, 12.743334289755099, 0.0 ], [ 107.207079875969896, 12.743337026262299, 0.0 ], [ 107.207049214271706, 12.743336467920503, 0.0 ], [ 107.207032744328586, 12.743356296543718, 0.0 ], [ 107.20689994131223, 12.743522646216849, 0.0 ], [ 107.206773067162857, 12.743693397000415, 0.0 ], [ 107.206652271095919, 12.743868344328948, 0.0 ], [ 107.206537700455783, 12.744047280037544, 0.0 ], [ 107.206429488733136, 12.744229990654464, 0.0 ], [ 107.206327764785897, 12.744416259131363, 0.0 ], [ 107.206322199915604, 12.744426912051891, 0.0 ], [ 107.206191459784293, 12.744473834720141, 0.0 ], [ 107.205965297476098, 12.744561095661977, 0.0 ], [ 107.205741950448811, 12.744655086155383, 0.0 ], [ 107.205521627830095, 12.744755718615835, 0.0 ], [ 107.205304534099199, 12.744862900075953, 0.0 ], [ 107.205090869063696, 12.744976529474553, 0.0 ], [ 107.204932337789515, 12.745066301826004, 0.0 ], [ 107.204884812132619, 12.745089994985021, 0.0 ], [ 107.204789889556366, 12.745143432158972, 0.0 ], [ 107.204698903085003, 12.745203104419584, 0.0 ], [ 107.20461227653405, 12.745268731711771, 0.0 ], [ 107.204530415098674, 12.745340009736406, 0.0 ], [ 107.204453698862892, 12.745416604582228, 0.0 ], [ 107.204382487472742, 12.745498160819976, 0.0 ], [ 107.204374128600904, 12.745508511681237, 0.0 ], [ 107.20426906163479, 12.745588774102277, 0.0 ], [ 107.204152587963549, 12.745668789980224, 0.0 ], [ 107.204032008060423, 12.745742712180633, 0.0 ], [ 107.203907651596865, 12.745810338235898, 0.0 ], [ 107.20377986036911, 12.745871483651253, 0.0 ], [ 107.203679932402025, 12.745913805369007, 0.0 ], [ 107.203662458162086, 12.745918792017255, 0.0 ], [ 107.203530073153217, 12.745952283195125, 0.0 ], [ 107.203396034183299, 12.745978690578578, 0.0 ], [ 107.203260735519351, 12.745997934969063, 0.0 ], [ 107.203124573473389, 12.746009960647431, 0.0 ], [ 107.203002482345937, 12.746014570894078, 0.0 ], [ 107.202973792639739, 12.746020877235456, 0.0 ], [ 107.202935211010356, 12.746035919642003, 0.0 ], [ 107.202900100959937, 12.746057665552119, 0.0 ], [ 107.202869660239429, 12.746085373910523, 0.0 ], [ 107.202844923740344, 12.746118100786653, 0.0 ], [ 107.202826736159622, 12.746154732134658, 0.0 ], [ 107.202815714569525, 12.746194020252274, 0.0 ], [ 107.202812234983966, 12.746234627269232, 0.0 ], [ 107.202816416178791, 12.746275170466115, 0.0 ], [ 107.202828115494611, 12.746314269300832, 0.0 ], [ 107.202830700089791, 12.746320389191238, 0.0 ], [ 107.202822305873056, 12.746347639163002, 0.0 ], [ 107.202790254147857, 12.746435201853002, 0.0 ], [ 107.202751302679204, 12.746520026933407, 0.0 ], [ 107.202705690889843, 12.746601590079372, 0.0 ], [ 107.202653700744008, 12.746679389203216, 0.0 ], [ 107.202595651224357, 12.746752944500454, 0.0 ], [ 107.202531902053266, 12.746821802937376, 0.0 ], [ 107.202462846328615, 12.746885538312425, 0.0 ], [ 107.202428832807769, 12.746913487863617, 0.0 ], [ 107.202218781829259, 12.747052486886666, 0.0 ], [ 107.201962989124112, 12.747229644258768, 0.0 ], [ 107.201711512812423, 12.747412660213005, 0.0 ], [ 107.201658263216615, 12.747452583712645, 0.0 ], [ 107.201624084516837, 12.747476566490102, 0.0 ], [ 107.201590728062826, 12.747508555370295, 0.0 ], [ 107.201563031921978, 12.747545380615717, 0.0 ], [ 107.201541711480971, 12.747586091019215, 0.0 ], [ 107.20152732012545, 12.74762963189495, 0.0 ], [ 107.201520230158025, 12.747674874155051, 0.0 ], [ 107.201520625714409, 12.747720646901016, 0.0 ], [ 107.201528496553422, 12.747765764585985, 0.0 ], [ 107.20154363832971, 12.74780905864136, 0.0 ], [ 107.201565659302673, 12.747849408146347, 0.0 ], [ 107.20159398794263, 12.747885767778982, 0.0 ], [ 107.201627892504206, 12.747917195667585, 0.0 ], [ 107.201642993773447, 12.74792831624314, 0.0 ], [ 107.201644582271868, 12.747934331480945, 0.0 ], [ 107.201667521514494, 12.748005190682623, 0.0 ], [ 107.201697533559241, 12.748073455247514, 0.0 ], [ 107.201734321642348, 12.748138448074698, 0.0 ], [ 107.201777519294382, 12.748199522465132, 0.0 ], [ 107.201826696862113, 12.748256071104279, 0.0 ], [ 107.201859290063751, 12.748287976171685, 0.0 ], [ 107.201933109993831, 12.748411208307802, 0.0 ], [ 107.202044345756406, 12.748608551517588, 0.0 ], [ 107.202149080218305, 12.74880929514069, 0.0 ], [ 107.202247207527961, 12.749013229510297, 0.0 ], [ 107.202312580844662, 12.749159315467216, 0.0 ], [ 107.202330737088673, 12.749249578503397, 0.0 ], [ 107.202350225995772, 12.749378338130864, 0.0 ], [ 107.202362395161657, 12.749507962107048, 0.0 ], [ 107.202367206125473, 12.749638049520325, 0.0 ], [ 107.202364644344783, 12.749768197451791, 0.0 ], [ 107.202354718314268, 12.749898005501134, 0.0 ], [ 107.202339360934857, 12.750015182853646, 0.0 ], [ 107.202325257874392, 12.75003882048002, 0.0 ], [ 107.20229670654642, 12.750097066595815, 0.0 ], [ 107.202275105409456, 12.750158126709165, 0.0 ], [ 107.202260735751707, 12.750221205948531, 0.0 ], [ 107.202253783802135, 12.750285482219551, 0.0 ], [ 107.202254342672617, 12.750350117936668, 0.0 ], [ 107.202262404150886, 12.750414269128411, 0.0 ], [ 107.202277862507231, 12.750477099864575, 0.0 ], [ 107.20230051641353, 12.750537791277184, 0.0 ], [ 107.202305206328262, 12.750548146353356, 0.0 ], [ 107.202327393106344, 12.750572487432521, 0.0 ], [ 107.202352776326407, 12.75060992605011, 0.0 ], [ 107.202371535373715, 12.750650954154981, 0.0 ], [ 107.202383157922739, 12.750694454548293, 0.0 ], [ 107.202387328965855, 12.75073923880332, 0.0 ], [ 107.202383932990998, 12.750784086105536, 0.0 ], [ 107.202373064366071, 12.750827772987364, 0.0 ], [ 107.202355017510357, 12.750869107750061, 0.0 ], [ 107.202330285342924, 12.750906963912779, 0.0 ], [ 107.202299543867994, 12.750940307451735, 0.0 ], [ 107.202263629442442, 12.750968229522192, 0.0 ], [ 107.202231469924627, 12.750986318066907, 0.0 ], [ 107.202224251213565, 12.750989931486471, 0.0 ], [ 107.202147255743384, 12.751032998114939, 0.0 ], [ 107.202074257372175, 12.751082318341521, 0.0 ], [ 107.202005784239731, 12.751137538045235, 0.0 ], [ 107.201942327282083, 12.751198259134718, 0.0 ], [ 107.2018843457938, 12.751264044020093, 0.0 ], [ 107.201832256404757, 12.751334418415837, 0.0 ], [ 107.201786434952325, 12.751408874939624, 0.0 ], [ 107.201747210996984, 12.751486877676482, 0.0 ], [ 107.201714867845595, 12.751567864889411, 0.0 ], [ 107.20168963705899, 12.751651252679862, 0.0 ], [ 107.201675709727397, 12.751713868258133, 0.0 ], [ 107.201544248382007, 12.751898572533591, 0.0 ], [ 107.201407682821355, 12.752096584437199, 0.0 ], [ 107.201368055916987, 12.752128314737673, 0.0 ], [ 107.201324040058907, 12.752172260515705, 0.0 ], [ 107.201285740301373, 12.752221093691293, 0.0 ], [ 107.201253717592735, 12.752274101107817, 0.0 ], [ 107.201228435723138, 12.752330512581809, 0.0 ], [ 107.201210266863328, 12.752389502664002, 0.0 ], [ 107.201199474260989, 12.752450212471761, 0.0 ], [ 107.201196215072315, 12.752511757798546, 0.0 ], [ 107.20119845143158, 12.752554908987406, 0.0 ], [ 107.201188222391337, 12.752656107208768, 0.0 ], [ 107.201181945760254, 12.752784052238134, 0.0 ], [ 107.201183052962293, 12.752912140906069, 0.0 ], [ 107.201191539541853, 12.753039962976072, 0.0 ], [ 107.201207381710987, 12.753167108372018, 0.0 ], [ 107.201230526254193, 12.753293170877063, 0.0 ], [ 107.201260899718406, 12.753417746249783, 0.0 ], [ 107.201264154314771, 12.753429476952657, 0.0 ], [ 107.201264334318381, 12.753430916826732, 0.0 ], [ 107.201268623909399, 12.753496024847573, 0.0 ], [ 107.201265460539673, 12.753561194042369, 0.0 ], [ 107.201254883170364, 12.753625607158376, 0.0 ], [ 107.201237024708007, 12.753688451581786, 0.0 ], [ 107.201212109414968, 12.753748939240333, 0.0 ], [ 107.201180451997104, 12.753806307514582, 0.0 ], [ 107.201142450387806, 12.753859836468109, 0.0 ], [ 107.201098582097231, 12.753908852492772, 0.0 ], [ 107.201049397854391, 12.753952738302228, 0.0 ], [ 107.20099551709815, 12.753990943813974, 0.0 ], [ 107.200939793400124, 12.754021929783727, 0.0 ], [ 107.200861942754344, 12.754020827709169, 0.0 ], [ 107.200783421419032, 12.754026915473494, 0.0 ], [ 107.200705824861046, 12.754040193346086, 0.0 ], [ 107.200629837037127, 12.754060546287672, 0.0 ], [ 107.200556123843853, 12.754087793441204, 0.0 ], [ 107.200485334108677, 12.754121696256608, 0.0 ], [ 107.200418089440376, 12.754161955864145, 0.0 ], [ 107.200354981537714, 12.754208221229844, 0.0 ], [ 107.200296564770341, 12.754260082891314, 0.0 ], [ 107.200263800397707, 12.754293897685228, 0.0 ], [ 107.20021778082095, 12.754343505350079, 0.0 ], [ 107.200150515232835, 12.754424825719298, 0.0 ], [ 107.200089125077625, 12.75451050623111, 0.0 ], [ 107.200033904215928, 12.754600140496308, 0.0 ], [ 107.199985114109765, 12.754693301610397, 0.0 ], [ 107.199942988440995, 12.754789543922307, 0.0 ], [ 107.199907727642341, 12.754888409405728, 0.0 ], [ 107.199879498897204, 12.754989427658998, 0.0 ], [ 107.199858437988482, 12.75509211679339, 0.0 ], [ 107.199844644726653, 12.755195987085859, 0.0 ], [ 107.199838185742522, 12.755300544570547, 0.0 ], [ 107.1998390907969, 12.755405290165765, 0.0 ], [ 107.199847355581213, 12.755509724169228, 0.0 ], [ 107.199847960158223, 12.755514911698659, 0.0 ], [ 107.199839897397538, 12.755616269940933, 0.0 ], [ 107.199833795586741, 12.755770685161322, 0.0 ], [ 107.199835130826827, 12.755925211972309, 0.0 ], [ 107.199843899212425, 12.756079503389934, 0.0 ], [ 107.199860080306408, 12.756233217085692, 0.0 ], [ 107.199883639838959, 12.756386008134577, 0.0 ], [ 107.199914522420954, 12.756537538112729, 0.0 ], [ 107.199952661592022, 12.756687465976848, 0.0 ], [ 107.199994960730294, 12.756826361368622, 0.0 ], [ 107.199993864670603, 12.756854855482446, 0.0 ], [ 107.199994744905482, 12.756956708573727, 0.0 ], [ 107.200003109964769, 12.757058231850452, 0.0 ], [ 107.2000189175602, 12.75715889881555, 0.0 ], [ 107.200042082135397, 12.757258183331743, 0.0 ], [ 107.200072486911296, 12.757355568557992, 0.0 ], [ 107.200109970990027, 12.757450546153448, 0.0 ], [ 107.200154339527955, 12.757542621614816, 0.0 ], [ 107.200205360973854, 12.757631314299468, 0.0 ], [ 107.200262769869539, 12.75771616192074, 0.0 ], [ 107.200326265944838, 12.757796722362833, 0.0 ], [ 107.200395519656752, 12.757872575442205, 0.0 ], [ 107.200411149813235, 12.757888253382625, 0.0 ], [ 107.20045546245565, 12.757947214684449, 0.0 ], [ 107.200494845689803, 12.758011686119726, 0.0 ], [ 107.200527707214974, 12.758079588024836, 0.0 ], [ 107.200553737733827, 12.758150286786602, 0.0 ], [ 107.20057269674983, 12.758223120204361, 0.0 ], [ 107.200584405304355, 12.758297409298283, 0.0 ], [ 107.200588754293477, 12.758372461854604, 0.0 ], [ 107.200585703571008, 12.758447575144137, 0.0 ], [ 107.200575281137702, 12.758522048580563, 0.0 ], [ 107.200557584101077, 12.758595188230633, 0.0 ], [ 107.200553059100258, 12.758609993901185, 0.0 ], [ 107.200536984718653, 12.758680099024643, 0.0 ], [ 107.200522911407418, 12.758771132128219, 0.0 ], [ 107.200516252702045, 12.758862973716758, 0.0 ], [ 107.200517048719831, 12.758955045098642, 0.0 ], [ 107.200525294429866, 12.759046763439251, 0.0 ], [ 107.200540938794632, 12.759137548997685, 0.0 ], [ 107.200563881103022, 12.759226826964689, 0.0 ], [ 107.20059397838952, 12.759314033726723, 0.0 ], [ 107.200617778002126, 12.759370424058009, 0.0 ], [ 107.200699146103346, 12.759487134548763, 0.0 ], [ 107.200814671113321, 12.759641675038592, 0.0 ], [ 107.200936070694056, 12.759791813471299, 0.0 ], [ 107.201063172676726, 12.759937336196499, 0.0 ], [ 107.201195792946734, 12.760078032374592, 0.0 ], [ 107.201333742870943, 12.760213701144373, 0.0 ], [ 107.201381340334493, 12.76025820210751, 0.0 ], [ 107.201408596052971, 12.760278151466343, 0.0 ], [ 107.20148376935046, 12.760339266314361, 0.0 ], [ 107.201554018787022, 12.760405787332326, 0.0 ], [ 107.201618941487325, 12.760477332009852, 0.0 ], [ 107.201678164743157, 12.760553493185967, 0.0 ], [ 107.201731351466748, 12.760633830870495, 0.0 ], [ 107.201778195712848, 12.760717886740087, 0.0 ], [ 107.201818429083815, 12.760805179566404, 0.0 ], [ 107.201851820761149, 12.76089520883033, 0.0 ], [ 107.201878181226874, 12.760987459209426, 0.0 ], [ 107.201897356748162, 12.761081401527271, 0.0 ], [ 107.201909239558617, 12.761176498994487, 0.0 ], [ 107.201913166458269, 12.761243029633816, 0.0 ], [ 107.201913204384383, 12.761271565773553, 0.0 ], [ 107.201917939269421, 12.761391573164403, 0.0 ], [ 107.201930046233088, 12.76151108080934, 0.0 ], [ 107.201949482843503, 12.761629652581339, 0.0 ], [ 107.201976178168593, 12.761746857108854, 0.0 ], [ 107.20201003275254, 12.761862265065009, 0.0 ], [ 107.202050926955721, 12.761975455423983, 0.0 ], [ 107.202098708073933, 12.762086016472027, 0.0 ], [ 107.202153204139577, 12.762193544788916, 0.0 ], [ 107.202214213802634, 12.762297646235993, 0.0 ], [ 107.202281517432596, 12.762397942189558, 0.0 ], [ 107.202311145365982, 12.762438237889434, 0.0 ], [ 107.202335683657438, 12.762474363967828, 0.0 ], [ 107.202375848207708, 12.762543748949607, 0.0 ], [ 107.202409318043379, 12.762616475534934, 0.0 ], [ 107.202435808828483, 12.762691923461807, 0.0 ], [ 107.202455094933413, 12.762769447579068, 0.0 ], [ 107.202467011370132, 12.762848388674216, 0.0 ], [ 107.202471455617982, 12.76292807165073, 0.0 ], [ 107.202470799463271, 12.762969585005012, 0.0 ], [ 107.20247442727559, 12.763159796798833, 0.0 ], [ 107.202472978935504, 12.763419613585143, 0.0 ], [ 107.202464141921084, 12.763679289564962, 0.0 ], [ 107.202447920901491, 12.763938622277514, 0.0 ], [ 107.202424328831356, 12.764197409192359, 0.0 ], [ 107.202423359349041, 12.764206554397591, 0.0 ], [ 107.202516924428764, 12.764320492722176, 0.0 ], [ 107.202630141875375, 12.764447558417125, 0.0 ], [ 107.202748824530914, 12.76456972659326, 0.0 ], [ 107.202872752221495, 12.764686769544904, 0.0 ], [ 107.202970957636495, 12.764772713570807, 0.0 ], [ 107.203004560716707, 12.764847578802572, 0.0 ], [ 107.203053102320766, 12.764970447621453, 0.0 ], [ 107.203094611024625, 12.76509577527664, 0.0 ], [ 107.203128960997915, 12.765223172432664, 0.0 ], [ 107.203156043869654, 12.765352245993258, 0.0 ], [ 107.203175777005967, 12.765482598128607, 0.0 ], [ 107.203188097971008, 12.765613824514068, 0.0 ], [ 107.203192215624242, 12.765703054821165, 0.0 ], [ 107.203187753367629, 12.765720415611177, 0.0 ], [ 107.203113463888698, 12.765993662361579, 0.0 ], [ 107.203032059763359, 12.766264948747821, 0.0 ], [ 107.202947349148872, 12.7665231385648, 0.0 ], [ 107.202941377159107, 12.7665970796502, 0.0 ], [ 107.202924186541537, 12.766740431165788, 0.0 ], [ 107.20289967952678, 12.766882754792233, 0.0 ], [ 107.202867917415318, 12.767023688545631, 0.0 ], [ 107.202828981839829, 12.767162879308636, 0.0 ], [ 107.202782970076214, 12.767299972928992, 0.0 ], [ 107.202729998820089, 12.767434625032385, 0.0 ], [ 107.20267020136248, 12.767566493816403, 0.0 ], [ 107.202608542088953, 12.767686440505305, 0.0 ], [ 107.202602042482525, 12.767752940572914, 0.0 ], [ 107.202568448388448, 12.768141205353977, 0.0 ], [ 107.202542233781884, 12.768530017648683, 0.0 ], [ 107.202523409499463, 12.76891924271513, 0.0 ], [ 107.202522510153159, 12.768942756762852, 0.0 ], [ 107.202369020579127, 12.769309149715474, 0.0 ], [ 107.202197077129227, 12.769701274378219, 0.0 ], [ 107.202028321069562, 12.770069307386612, 0.0 ], [ 107.20194377539157, 12.770170132400159, 0.0 ], [ 107.201861709017223, 12.770279242447065, 0.0 ], [ 107.201785727652705, 12.77039251919981, 0.0 ], [ 107.201716049447583, 12.770509636421691, 0.0 ], [ 107.201652877705115, 12.770630254444233, 0.0 ], [ 107.201596393579734, 12.770754027457452, 0.0 ], [ 107.201546759712514, 12.770880598057401, 0.0 ], [ 107.201504119333762, 12.771009599964733, 0.0 ], [ 107.201494049128002, 12.771043998541666, 0.0 ], [ 107.201493953477254, 12.771045711815354, 0.0 ], [ 107.201494474871808, 12.771106039031217, 0.0 ], [ 107.201502546124033, 12.771165845107534, 0.0 ], [ 107.201518045240746, 12.771224225571771, 0.0 ], [ 107.2015407352892, 12.771280293175959, 0.0 ], [ 107.201570272870299, 12.771333199514334, 0.0 ], [ 107.201606210934983, 12.771382141325974, 0.0 ], [ 107.201648004456615, 12.771426377617459, 0.0 ], [ 107.201695019715459, 12.771465238622621, 0.0 ], [ 107.201746544488387, 12.771498132947016, 0.0 ], [ 107.201801796483295, 12.771524564667814, 0.0 ], [ 107.201859939887456, 12.771544130484815, 0.0 ], [ 107.20190550083845, 12.771554220434354, 0.0 ], [ 107.202036716988744, 12.771560725658503, 0.0 ], [ 107.202247536691047, 12.771577058347965, 0.0 ], [ 107.20245764730501, 12.771600601827437, 0.0 ], [ 107.202666792653417, 12.771631328412351, 0.0 ], [ 107.202874718314135, 12.771669200463862, 0.0 ], [ 107.203081170707094, 12.771714171300129, 0.0 ], [ 107.203285898943363, 12.7717661860846, 0.0 ], [ 107.203302922663752, 12.771770849739761, 0.0 ], [ 107.203318324946267, 12.771774760609061, 0.0 ], [ 107.203488228733079, 12.771822017081043, 0.0 ], [ 107.203655952148068, 12.771876262625872, 0.0 ], [ 107.203821196961925, 12.771937398523848, 0.0 ], [ 107.203983669469451, 12.772005316981504, 0.0 ], [ 107.204080642741573, 12.772049720056041, 0.0 ], [ 107.204284466103474, 12.77235318678091, 0.0 ], [ 107.204689375405394, 12.772957797333989, 0.0 ], [ 107.204719088599063, 12.773058034629726, 0.0 ], [ 107.204786318478369, 12.773265668014769, 0.0 ], [ 107.20486054334782, 12.773470991854174, 0.0 ], [ 107.204941679323809, 12.773673780920918, 0.0 ], [ 107.20502963792616, 12.773873810929754, 0.0 ], [ 107.205124323331901, 12.774070860367607, 0.0 ], [ 107.20522562870822, 12.774264712331588, 0.0 ], [ 107.205322446802043, 12.774436394727157, 0.0 ], [ 107.205323558116262, 12.774438306660759, 0.0 ], [ 107.205385250079757, 12.77455192209233, 0.0 ], [ 107.20544029507569, 12.77466878123453, 0.0 ], [ 107.205488515834702, 12.774788509643853, 0.0 ], [ 107.205529758023971, 12.774910723648059, 0.0 ], [ 107.205563890262908, 12.775035032153339, 0.0 ], [ 107.205590802290018, 12.775161037563253, 0.0 ], [ 107.205610406796296, 12.775288334859658, 0.0 ], [ 107.205622644075788, 12.775416516985793, 0.0 ], [ 107.205627472803542, 12.775545173116045, 0.0 ], [ 107.20562487742454, 12.775673891305127, 0.0 ], [ 107.205624058725846, 12.775689467628576, 0.0 ], [ 107.205608064252047, 12.775761537768176, 0.0 ], [ 107.205586982883176, 12.775883803693423, 0.0 ], [ 107.205573247419224, 12.776007073649481, 0.0 ], [ 107.205566906655164, 12.776130921595287, 0.0 ], [ 107.205567982686972, 12.776254921712319, 0.0 ], [ 107.20557647180874, 12.776378645686099, 0.0 ], [ 107.205592343638756, 12.776501668135611, 0.0 ], [ 107.20561554385786, 12.77662356387934, 0.0 ], [ 107.205645992414915, 12.776743913372506, 0.0 ], [ 107.205672724849805, 12.776830510804867, 0.0 ], [ 107.205727681622832, 12.776977002129353, 0.0 ], [ 107.205809409097242, 12.777176607419412, 0.0 ], [ 107.205897995406417, 12.777373373789972, 0.0 ], [ 107.205993337312208, 12.777567074368564, 0.0 ], [ 107.206095327003254, 12.777757485935432, 0.0 ], [ 107.206203844721813, 12.777944388081623, 0.0 ], [ 107.206318767081072, 12.778127566754181, 0.0 ], [ 107.206362968317961, 12.778194479524929, 0.0 ], [ 107.206380027365697, 12.778273677977596, 0.0 ], [ 107.206407092693226, 12.778426024999064, 0.0 ], [ 107.206426853170555, 12.778579449748019, 0.0 ], [ 107.206439265341828, 12.778733614615964, 0.0 ], [ 107.206444301394058, 12.77888818095936, 0.0 ], [ 107.20644194915721, 12.779042809099563, 0.0 ], [ 107.206432215794848, 12.779197159195629, 0.0 ], [ 107.20641512228822, 12.779350892194074, 0.0 ], [ 107.206411970488006, 12.779373567439583, 0.0 ], [ 107.206403993382793, 12.779443986401798, 0.0 ], [ 107.20638628531097, 12.779544016246268, 0.0 ], [ 107.206361270047125, 12.779642531198109, 0.0 ], [ 107.206329075709462, 12.779739017799391, 0.0 ], [ 107.206289872861404, 12.779832973080707, 0.0 ], [ 107.206243864400321, 12.77992390645306, 0.0 ], [ 107.206242323294092, 12.77992668640556, 0.0 ], [ 107.206192882241339, 12.780073812982325, 0.0 ], [ 107.206111609245298, 12.780296512009647, 0.0 ], [ 107.206023419543172, 12.780516661769358, 0.0 ], [ 107.205928397871389, 12.780734055509669, 0.0 ], [ 107.2058266335941, 12.78094848915053, 0.0 ], [ 107.205718220695431, 12.781159760380088, 0.0 ], [ 107.205603262422088, 12.781367673134261, 0.0 ], [ 107.205481866617433, 12.781572030406322, 0.0 ], [ 107.205423931887907, 12.781664728027017, 0.0 ], [ 107.205397045439639, 12.781762631458541, 0.0 ], [ 107.205368785112213, 12.781890325294212, 0.0 ], [ 107.205347798314648, 12.782019363527903, 0.0 ], [ 107.205334150649591, 12.782149347088881, 0.0 ], [ 107.205327884671576, 12.782279873483759, 0.0 ], [ 107.205329018997674, 12.782410540418731, 0.0 ], [ 107.205337549212175, 12.7825409439846, 0.0 ], [ 107.205353451564875, 12.782670680433233, 0.0 ], [ 107.205376675628969, 12.782799348950107, 0.0 ], [ 107.205395736038639, 12.782882509601718, 0.0 ], [ 107.205401271909068, 12.782893050801674, 0.0 ], [ 107.205445018291016, 12.782967185097762, 0.0 ], [ 107.205495094465078, 12.783037355324447, 0.0 ], [ 107.205551132207248, 12.783103039520304, 0.0 ], [ 107.205612715730638, 12.783163752268985, 0.0 ], [ 107.205679388130122, 12.783219044645458, 0.0 ], [ 107.205750657858601, 12.783268507776642, 0.0 ], [ 107.205825995052166, 12.783311773776015, 0.0 ], [ 107.205904844482532, 12.78334852286477, 0.0 ], [ 107.20598662004096, 12.783378484321759, 0.0 ], [ 107.206070716691627, 12.783401434576183, 0.0 ], [ 107.206156513304492, 12.783417205317098, 0.0 ], [ 107.206243372608498, 12.783425678071756, 0.0 ], [ 107.206272715175587, 12.783426875751596, 0.0 ], [ 107.20628895465893, 12.783432529747007, 0.0 ], [ 107.206391596083918, 12.783472761197201, 0.0 ], [ 107.206491236167537, 12.783519700412494, 0.0 ], [ 107.206587420988171, 12.783573135214599, 0.0 ], [ 107.206679710158639, 12.78363282168401, 0.0 ], [ 107.206767684207037, 12.783698485905512, 0.0 ], [ 107.206850940036119, 12.783769831235466, 0.0 ], [ 107.206929099122945, 12.783846528292665, 0.0 ], [ 107.207001803961631, 12.783928229446882, 0.0 ], [ 107.207068722603978, 12.784014561551274, 0.0 ], [ 107.207129550540074, 12.784105130444999, 0.0 ], [ 107.207184009793323, 12.784199522767961, 0.0 ], [ 107.207203015635713, 12.784236371072275, 0.0 ], [ 107.20876453741586, 12.786186456668316, 0.0 ], [ 107.209088263722904, 12.787016256018459, 0.0 ], [ 107.209131801719167, 12.787787404615157, 0.0 ], [ 107.208872953699711, 12.788396166259155, 0.0 ], [ 107.208591262514659, 12.788694480501023, 0.0 ], [ 107.208017613788826, 12.789037034433823, 0.0 ], [ 107.207782737469003, 12.789358677415365, 0.0 ], [ 107.207394953467855, 12.789898482402007, 0.0 ], [ 107.207463690300813, 12.790324894935591, 0.0 ], [ 107.207753513268784, 12.790763009788094, 0.0 ], [ 107.208404882866319, 12.791548270307462, 0.0 ], [ 107.208915656504075, 12.792378761259807, 0.0 ], [ 107.20946168388889, 12.793093736440689, 0.0 ], [ 107.209739415254901, 12.793728498773739, 0.0 ], [ 107.209759414522779, 12.794637655236704, 0.0 ], [ 107.209896364588886, 12.795362835579922, 0.0 ], [ 107.210081811783738, 12.795709194955391, 0.0 ], [ 107.210466778182763, 12.795836999140048, 0.0 ], [ 107.211261808549693, 12.795736572298726, 0.0 ], [ 107.211763576349043, 12.795795618579968, 0.0 ], [ 107.211996162902324, 12.796003770126188, 0.0 ], [ 107.21252043598092, 12.796465890266841, 0.0 ], [ 107.212844618700416, 12.797146570552677, 0.0 ], [ 107.213087801512756, 12.797711583620274, 0.0 ], [ 107.213284140316119, 12.798184362473927, 0.0 ], [ 107.213551089585152, 12.798702861831098, 0.0 ], [ 107.214283648560581, 12.799488548696219, 0.0 ], [ 107.214807483498362, 12.800030866993195, 0.0 ], [ 107.215097989483723, 12.800412484541217, 0.0 ], [ 107.215329159169357, 12.800918855616244, 0.0 ], [ 107.215479018062581, 12.801472224446323, 0.0 ], [ 107.215991125936853, 12.801923141208482, 0.0 ], [ 107.216423265053308, 12.801981631904736, 0.0 ], [ 107.216845885202943, 12.80147766773373, 0.0 ], [ 107.2169769944027, 12.800741201860633, 0.0 ], [ 107.21677021716701, 12.799865250955476, 0.0 ], [ 107.216305697693642, 12.799195924076418, 0.0 ], [ 107.215804590917898, 12.798883854962718, 0.0 ], [ 107.21525641384622, 12.798651250952966, 0.0 ], [ 107.214908663927545, 12.798040806865899, 0.0 ], [ 107.214991571056615, 12.797649271523911, 0.0 ], [ 107.215215384765145, 12.797247515530735, 0.0 ], [ 107.21551977581845, 12.797110534548631, 0.0 ], [ 107.216174007561861, 12.797032738818487, 0.0 ] ] ] } },
{ "type": "Feature", "properties": { "Project": "SWS", "Category": "CPA", "Eng_Name": "A Buon Leu", "Prakas_Ha": 4528, "Kh_Uni": "អបួនលើ", "ID": 14, "Field": "អបួនលើ", "Field2": "4525", "Size": 4528 }, "geometry": { "type": "Polygon", "coordinates": [ [ [ 107.13128958877526, 12.954966100438435, 0.0 ], [ 107.130951305261846, 12.954828599218454, 0.0 ], [ 107.128910930089518, 12.95419481144787, 0.0 ], [ 107.127809173826648, 12.953852572594496, 0.0 ], [ 107.126317544896239, 12.953737027162507, 0.0 ], [ 107.125088126860604, 12.953641786642015, 0.0 ], [ 107.123934816110591, 12.953097524658375, 0.0 ], [ 107.123318740698892, 12.952806789034096, 0.0 ], [ 107.122903924614789, 12.95281016984827, 0.0 ], [ 107.12137533448653, 12.953473338746642, 0.0 ], [ 107.1210547559063, 12.953612418227834, 0.0 ], [ 107.120267063206029, 12.954005161619726, 0.0 ], [ 107.119119095189617, 12.954804822877213, 0.0 ], [ 107.11701003819833, 12.956273944079308, 0.0 ], [ 107.116984848022724, 12.956295071671803, 0.0 ], [ 107.115009400631337, 12.957951955394003, 0.0 ], [ 107.113033926430091, 12.959608827050385, 0.0 ], [ 107.111058425431253, 12.961265688442273, 0.0 ], [ 107.110179016462453, 12.962003242532308, 0.0 ], [ 107.108909052725878, 12.962494171450867, 0.0 ], [ 107.106657323180386, 12.963364603226061, 0.0 ], [ 107.106582248659606, 12.963359607728259, 0.0 ], [ 107.103988837952571, 12.96318701802786, 0.0 ], [ 107.103438642288921, 12.963150399357735, 0.0 ], [ 107.100253776362322, 12.963125217632005, 0.0 ], [ 107.099397583808155, 12.963118440946813, 0.0 ], [ 107.098740765800869, 12.963412345560759, 0.0 ], [ 107.096375880030934, 12.964470538106374, 0.0 ], [ 107.094010971548883, 12.965528712122735, 0.0 ], [ 107.091794589276489, 12.966520401856833, 0.0 ], [ 107.09163483774762, 12.966609450541331, 0.0 ], [ 107.089374907775067, 12.967869153424969, 0.0 ], [ 107.088091901032911, 12.968584299050805, 0.0 ], [ 107.093587988382296, 12.970296005735765, 0.0 ], [ 107.09822198926058, 12.970117004041558, 0.0 ], [ 107.098774989064921, 12.970516004382766, 0.0 ], [ 107.09817199069164, 12.974575004433644, 0.0 ], [ 107.095915990239988, 12.979431006186957, 0.0 ], [ 107.095648988526534, 12.979796005119184, 0.0 ], [ 107.095643203121966, 12.979803913260245, 0.0 ], [ 107.091032989516094, 12.979802004167627, 0.0 ], [ 107.087147990470029, 12.981834006959364, 0.0 ], [ 107.082700949685105, 12.981364888563281, 0.0 ], [ 107.082751387866054, 12.981487754469761, 0.0 ], [ 107.082777240936409, 12.981739670567856, 0.0 ], [ 107.082725535497858, 12.981991588080904, 0.0 ], [ 107.082518707874002, 12.982167931087607, 0.0 ], [ 107.082311878750843, 12.982369466426867, 0.0 ], [ 107.08205334064327, 12.982495425460471, 0.0 ], [ 107.081846510271518, 12.982671769882726, 0.0 ], [ 107.081639677404098, 12.982873304846876, 0.0 ], [ 107.081458697581709, 12.983049649884199, 0.0 ], [ 107.081355278220258, 12.983301569329168, 0.0 ], [ 107.081329421532146, 12.983553488570774, 0.0 ], [ 107.081174292805102, 12.983755024110708, 0.0 ], [ 107.081885990571294, 12.985110006138386, 0.0 ], [ 107.083869991123478, 12.987841005838344, 0.0 ], [ 107.083754989031192, 12.988324004582251, 0.0 ], [ 107.081547989937135, 12.990599004153909, 0.0 ], [ 107.081255396044682, 12.991392698918846, 0.0 ], [ 107.081019987267652, 12.991713005911219, 0.0 ], [ 107.07638598783636, 12.991489004553593, 0.0 ], [ 107.075799990467871, 12.99149600390083, 0.0 ], [ 107.075190989702989, 12.990471005742544, 0.0 ], [ 107.074511454887087, 12.990187713433947, 0.0 ], [ 107.074508360088032, 12.990202789868571, 0.0 ], [ 107.074379089478981, 12.990454698264937, 0.0 ], [ 107.074275669786459, 12.990706608092111, 0.0 ], [ 107.074120547630713, 12.990933324226402, 0.0 ], [ 107.07393957140394, 12.99110965735483, 0.0 ], [ 107.073706891760352, 12.991235604992346, 0.0 ], [ 107.073448364261964, 12.991185213831248, 0.0 ], [ 107.073215690322272, 12.991059249866002, 0.0 ], [ 107.0730088738283, 12.990857713108728, 0.0 ], [ 107.072802054702734, 12.990681366918565, 0.0 ], [ 107.072569381718992, 12.990530209675386, 0.0 ], [ 107.072310855278999, 12.990454626463272, 0.0 ], [ 107.072149860096332, 12.9904922471482, 0.0 ], [ 107.071870496269739, 12.990742974018882, 0.0 ], [ 107.07178095760834, 12.991060031397435, 0.0 ], [ 107.071234669958599, 12.991870303505632, 0.0 ], [ 107.070346100130521, 12.992694344163599, 0.0 ], [ 107.070557160315886, 12.992965686532392, 0.0 ], [ 107.070552695531021, 12.993679038806738, 0.0 ], [ 107.070475122459982, 12.993930950526222, 0.0 ], [ 107.070371694928241, 12.994182859567434, 0.0 ], [ 107.070216558908683, 12.994409575141132, 0.0 ], [ 107.070009718403625, 12.994585908149553, 0.0 ], [ 107.069751178333377, 12.994585898109813, 0.0 ], [ 107.069492642392674, 12.994510313564174, 0.0 ], [ 107.069259963337871, 12.994359154564433, 0.0 ], [ 107.069027283114522, 12.994233187940708, 0.0 ], [ 107.068846316167708, 12.994031647935374, 0.0 ], [ 107.068665346193754, 12.993855299502814, 0.0 ], [ 107.068510233779207, 12.993628568498275, 0.0 ], [ 107.068329263421361, 12.99345221975398, 0.0 ], [ 107.068122437507057, 12.993301061478277, 0.0 ], [ 107.067863897002724, 12.993250665002636, 0.0 ], [ 107.067605353122048, 12.993225460016616, 0.0 ], [ 107.067346804379653, 12.99327583002187, 0.0 ], [ 107.067139956566521, 12.993426968320989, 0.0 ], [ 107.066984815670395, 12.993628494232892, 0.0 ], [ 107.066984797488416, 12.993905603557415, 0.0 ], [ 107.067010635368902, 12.994157521421243, 0.0 ], [ 107.067165750448112, 12.994359063508517, 0.0 ], [ 107.067398432457765, 12.994535416281702, 0.0 ], [ 107.067631117000488, 12.994661384407626, 0.0 ], [ 107.067889661453478, 12.99468658734145, 0.0 ], [ 107.068148205926292, 12.994711790913493, 0.0 ], [ 107.068355030737052, 12.994888140716615, 0.0 ], [ 107.068303305024273, 12.995140055051909, 0.0 ], [ 107.068044752498594, 12.995240811298672, 0.0 ], [ 107.067786204366115, 12.995265991189237, 0.0 ], [ 107.067527661534527, 12.995190405661173, 0.0 ], [ 107.067294978095916, 12.995039245763765, 0.0 ], [ 107.066984726448624, 12.994938464662347, 0.0 ], [ 107.066752041678527, 12.994787304205371, 0.0 ], [ 107.066519357157063, 12.994636141688435, 0.0 ], [ 107.066390097534679, 12.99440940957474, 0.0 ], [ 107.066183270492488, 12.994207863496232, 0.0 ], [ 107.066028154392455, 12.994006321604623, 0.0 ], [ 107.065898892821622, 12.993779588238349, 0.0 ], [ 107.065847199037378, 12.993527666969582, 0.0 ], [ 107.065743795867775, 12.993275742996447, 0.0 ], [ 107.065536965775181, 12.993099387969009, 0.0 ], [ 107.065304275252032, 12.992973414025204, 0.0 ], [ 107.065071572863772, 12.993023784147267, 0.0 ], [ 107.064838862868044, 12.993149729460638, 0.0 ], [ 107.064683711709208, 12.993376447905112, 0.0 ], [ 107.064580269872096, 12.993628361883745, 0.0 ], [ 107.064450972615859, 12.993855082613667, 0.0 ], [ 107.064450949846474, 12.994132195985202, 0.0 ], [ 107.064450930859394, 12.994384116638889, 0.0 ], [ 107.064476765454785, 12.994636038744899, 0.0 ], [ 107.064606025470056, 12.994887966523724, 0.0 ], [ 107.064606003087292, 12.99513988897696, 0.0 ], [ 107.064554269811907, 12.995391807684202, 0.0 ], [ 107.064399115520573, 12.995593338021378, 0.0 ], [ 107.064166396491686, 12.995719288592282, 0.0 ], [ 107.063881972965973, 12.995744467030498, 0.0 ], [ 107.063649257388505, 12.995820033589467, 0.0 ], [ 107.063390682429556, 12.995895599365173, 0.0 ], [ 107.063132103434853, 12.995996357635688, 0.0 ], [ 107.062951086656213, 12.99617269582745, 0.0 ], [ 107.062962744142624, 12.997363152603803, 0.0 ], [ 107.062614711968024, 12.998238491616913, 0.0 ], [ 107.062562965503972, 12.998490422104535, 0.0 ], [ 107.06231550528581, 12.999085878523772, 0.0 ], [ 107.062212089430346, 12.999287419169558, 0.0 ], [ 107.062031108656001, 12.999463765862403, 0.0 ], [ 107.061850128304059, 12.999665303363292, 0.0 ], [ 107.06166914858693, 12.999866840771489, 0.0 ], [ 107.061462314039119, 13.000017991898888, 0.0 ], [ 107.061436459113281, 13.000269917393238, 0.0 ], [ 107.061565731394737, 13.00049665290031, 0.0 ], [ 107.061824276040852, 13.000597427483518, 0.0 ], [ 107.062082820136382, 13.000673009980535, 0.0 ], [ 107.062393072145966, 13.000698208132093, 0.0 ], [ 107.06270332321688, 13.000723403199443, 0.0 ], [ 107.062936011754715, 13.000748600584913, 0.0 ], [ 107.063194554312801, 13.000824179202713, 0.0 ], [ 107.06345309704524, 13.000874565756211, 0.0 ], [ 107.063634075260325, 13.001050912961782, 0.0 ], [ 107.063634075464137, 13.001107795320211, 0.0 ], [ 107.063634075927112, 13.001277642584601, 0.0 ], [ 107.063611043303126, 13.001295097971614, 0.0 ], [ 107.063410989327338, 13.002922003102968, 0.0 ], [ 107.063285044360825, 13.003184667996255, 0.0 ], [ 107.063375532204589, 13.003343372220217, 0.0 ], [ 107.063401386455595, 13.003595288726313, 0.0 ], [ 107.06347894889312, 13.003822014469335, 0.0 ], [ 107.063608219605342, 13.004048738450154, 0.0 ], [ 107.063711636046747, 13.004300652719525, 0.0 ], [ 107.06376334543377, 13.004552566868201, 0.0 ], [ 107.063556510786427, 13.00472890634415, 0.0 ], [ 107.063453092460676, 13.004980819420849, 0.0 ], [ 107.063323819293089, 13.005232730174834, 0.0 ], [ 107.063194547767708, 13.005459451816987, 0.0 ], [ 107.063065274171223, 13.00568617163349, 0.0 ], [ 107.062884293725105, 13.005887701258199, 0.0 ], [ 107.062755019660997, 13.006114420988556, 0.0 ], [ 107.062574037744383, 13.006315949578269, 0.0 ], [ 107.062367199895661, 13.006492285724581, 0.0 ], [ 107.062289635564014, 13.006744196449237, 0.0 ], [ 107.062263778963086, 13.006996107446659, 0.0 ], [ 107.062263776312022, 13.007248019933602, 0.0 ], [ 107.062263774537044, 13.007525122390051, 0.0 ], [ 107.062263772883298, 13.007777033956414, 0.0 ], [ 107.062237915389616, 13.008028944959833, 0.0 ], [ 107.062134494785099, 13.008280856047978, 0.0 ], [ 107.062005220081275, 13.008482383855162, 0.0 ], [ 107.06182423421285, 13.008683912249891, 0.0 ], [ 107.061617393237086, 13.008835057256375, 0.0 ], [ 107.06143640784542, 13.009011392750955, 0.0 ], [ 107.061307130260488, 13.009238113059029, 0.0 ], [ 107.061410545623104, 13.009490025481663, 0.0 ], [ 107.061565672669943, 13.009691557256765, 0.0 ], [ 107.061643233378945, 13.009943469809194, 0.0 ], [ 107.061565665922686, 13.010195382346962, 0.0 ], [ 107.061358822600482, 13.010371718242723, 0.0 ], [ 107.061151979136724, 13.010522864925958, 0.0 ], [ 107.060893425238305, 13.010623628364877, 0.0 ], [ 107.060634872940241, 13.010724391561801, 0.0 ], [ 107.060479735879724, 13.010951112817729, 0.0 ], [ 107.06040216427337, 13.011203025233817, 0.0 ], [ 107.060350447904128, 13.011454940156344, 0.0 ], [ 107.060298731663892, 13.011681662365049, 0.0 ], [ 107.060040176873798, 13.011706853346489, 0.0 ], [ 107.059833337517475, 13.011530510111987, 0.0 ], [ 107.059678210598591, 13.011303784563932, 0.0 ], [ 107.059471370925664, 13.011127442761891, 0.0 ], [ 107.059212816803964, 13.011127440113667, 0.0 ], [ 107.059057676295353, 13.011354162564768, 0.0 ], [ 107.059161090756859, 13.011606078766158, 0.0 ], [ 107.05918693835514, 13.011857995184737, 0.0 ], [ 107.05910936250713, 13.01210991107167, 0.0 ], [ 107.05887665895267, 13.012185483667706, 0.0 ], [ 107.058695674690384, 13.011983948479772, 0.0 ], [ 107.058643972157867, 13.011732031979211, 0.0 ], [ 107.058643981792954, 13.011454923546237, 0.0 ], [ 107.058514712571053, 13.011203007064172, 0.0 ], [ 107.058411296697457, 13.010976281426649, 0.0 ], [ 107.058204458064196, 13.010799937531306, 0.0 ], [ 107.057971761204499, 13.010648784343855, 0.0 ], [ 107.05776492037819, 13.010472440932228, 0.0 ], [ 107.057506366448905, 13.010346479032931, 0.0 ], [ 107.05724780729588, 13.010346473443871, 0.0 ], [ 107.05698924515049, 13.010396852241678, 0.0 ], [ 107.056730680774791, 13.010497614538206, 0.0 ], [ 107.056523826159705, 13.010623567965338, 0.0 ], [ 107.056342823886212, 13.010825098899186, 0.0 ], [ 107.056135963831892, 13.011001436766543, 0.0 ], [ 107.056006671092661, 13.011228160768418, 0.0 ], [ 107.055825665216929, 13.011429691482192, 0.0 ], [ 107.055877364907531, 13.01168161259973, 0.0 ], [ 107.056058350625108, 13.011883150103674, 0.0 ], [ 107.056187620800941, 13.012135070805567, 0.0 ], [ 107.056316891862465, 13.012361799529673, 0.0 ], [ 107.056575450955577, 13.012462570487305, 0.0 ], [ 107.056834018998515, 13.012412189940816, 0.0 ], [ 107.057040877099311, 13.012261040595842, 0.0 ], [ 107.057170168278574, 13.012034315258994, 0.0 ], [ 107.057325315600167, 13.011807591785159, 0.0 ], [ 107.057609732578328, 13.011807595323559, 0.0 ], [ 107.05779071684411, 13.012009130511586, 0.0 ], [ 107.057919988227837, 13.012235857333916, 0.0 ], [ 107.058049257622372, 13.012487777718379, 0.0 ], [ 107.05820438412259, 13.012714505237026, 0.0 ], [ 107.058385368670642, 13.012916041641194, 0.0 ], [ 107.058359502001323, 13.013167960103749, 0.0 ], [ 107.058281923642937, 13.013394687696255, 0.0 ], [ 107.05804921226391, 13.013520645293447, 0.0 ], [ 107.057790641438814, 13.013696990024112, 0.0 ], [ 107.05758378420181, 13.013822949110342, 0.0 ], [ 107.057376920767041, 13.014024486361615, 0.0 ], [ 107.057170060714597, 13.014175638862058, 0.0 ], [ 107.056937340040022, 13.014377176690271, 0.0 ], [ 107.056730476137872, 13.014553522608344, 0.0 ], [ 107.056497756367861, 13.01467948545741, 0.0 ], [ 107.056394310881018, 13.014956602772134, 0.0 ], [ 107.056316722474918, 13.01520852924974, 0.0 ], [ 107.056264991612977, 13.015460456757248, 0.0 ], [ 107.056239116525376, 13.015712384409387, 0.0 ], [ 107.056006392704447, 13.015838349738171, 0.0 ], [ 107.056109804167008, 13.016090279028383, 0.0 ], [ 107.056239075076306, 13.016317015586381, 0.0 ], [ 107.05644592198901, 13.016468173133248, 0.0 ], [ 107.056652768662104, 13.016644524140254, 0.0 ], [ 107.056833754137259, 13.016871260422981, 0.0 ], [ 107.057092310207949, 13.017123190281062, 0.0 ], [ 107.057092318931879, 13.017782287512601, 0.0 ], [ 107.057066461610688, 13.017857865742616, 0.0 ], [ 107.056937175517334, 13.018084593146588, 0.0 ], [ 107.056833748099436, 13.018311323250916, 0.0 ], [ 107.05665274702001, 13.018512855041681, 0.0 ], [ 107.056394173072832, 13.018638802855527, 0.0 ], [ 107.056135597572535, 13.018689170369763, 0.0 ], [ 107.05587702116577, 13.018689153926172, 0.0 ], [ 107.055618443965429, 13.018764715534514, 0.0 ], [ 107.055515014499676, 13.01901663628851, 0.0 ], [ 107.055515015320097, 13.019268563066166, 0.0 ], [ 107.055721875231313, 13.019444925288903, 0.0 ], [ 107.055980452243517, 13.019545711914455, 0.0 ], [ 107.056187312236219, 13.01969687911644, 0.0 ], [ 107.056420030139535, 13.019772470611894, 0.0 ], [ 107.05649760178548, 13.020024399201306, 0.0 ], [ 107.056652746205089, 13.020225945927875, 0.0 ], [ 107.056756173686594, 13.020477873505397, 0.0 ], [ 107.056859600481403, 13.02072980010947, 0.0 ], [ 107.056963029369285, 13.020981727525545, 0.0 ], [ 107.05698888371974, 13.021233649550956, 0.0 ], [ 107.056937166987481, 13.021485566214798, 0.0 ], [ 107.056782021439105, 13.0216870947385, 0.0 ], [ 107.05657515889952, 13.021838235906529, 0.0 ], [ 107.056316583029655, 13.021888606768735, 0.0 ], [ 107.056083862105893, 13.02206493853034, 0.0 ], [ 107.056032143466183, 13.022316855167931, 0.0 ], [ 107.056135571532337, 13.02256878020844, 0.0 ], [ 107.056290712517253, 13.022795514291721, 0.0 ], [ 107.056368280778941, 13.02304743464757, 0.0 ], [ 107.05629070297104, 13.023299348603793, 0.0 ], [ 107.056161409386888, 13.023526068865381, 0.0 ], [ 107.056083831286017, 13.023777982804374, 0.0 ], [ 107.055928679673613, 13.024004701175942, 0.0 ], [ 107.055928673310419, 13.024256617022369, 0.0 ], [ 107.055980382376717, 13.02450853653413, 0.0 ], [ 107.056161383244614, 13.024684885921232, 0.0 ], [ 107.056394098729214, 13.024810851425654, 0.0 ], [ 107.056626815355884, 13.024936817581077, 0.0 ], [ 107.056730238068255, 13.025188736721086, 0.0 ], [ 107.057025728857582, 13.025561021848999, 0.0 ], [ 107.057200016384257, 13.025620030999878, 0.0 ], [ 107.05754965865934, 13.026131198287777, 0.0 ], [ 107.057670604042769, 13.026289064394476, 0.0 ], [ 107.057798633315215, 13.026067453270105, 0.0 ], [ 107.057954270461281, 13.025924392154639, 0.0 ], [ 107.05825673779168, 13.02576362996659, 0.0 ], [ 107.058440753804163, 13.025815658169464, 0.0 ], [ 107.058703661246057, 13.025889991972207, 0.0 ], [ 107.059156612872712, 13.025945739276922, 0.0 ], [ 107.059389662215168, 13.026050029125194, 0.0 ], [ 107.059386247797903, 13.02626172971968, 0.0 ], [ 107.059408783251712, 13.026555698638907, 0.0 ], [ 107.059482692028396, 13.026818045823477, 0.0 ], [ 107.059338362745947, 13.02694780071854, 0.0 ], [ 107.059102198210127, 13.027160117329419, 0.0 ], [ 107.059053259892906, 13.027342708675153, 0.0 ], [ 107.059223961447174, 13.027575855954039, 0.0 ], [ 107.059992865769786, 13.0277970532451, 0.0 ], [ 107.060782710765039, 13.027949835518637, 0.0 ], [ 107.061360364902541, 13.028032205739063, 0.0 ], [ 107.061759680395923, 13.028182664481436, 0.0 ], [ 107.062171590673088, 13.028462935834661, 0.0 ], [ 107.062449167096375, 13.028576339193478, 0.0 ], [ 107.062799078423069, 13.028799447880793, 0.0 ], [ 107.063012608631098, 13.029077228316428, 0.0 ], [ 107.063188244623902, 13.029473088313837, 0.0 ], [ 107.063381823451593, 13.029841673135021, 0.0 ], [ 107.063598750570847, 13.030033415123658, 0.0 ], [ 107.063993935967559, 13.030374346666253, 0.0 ], [ 107.064207110823688, 13.030508383445103, 0.0 ], [ 107.06433034077061, 13.030849692594007, 0.0 ], [ 107.064152111892369, 13.031170810414359, 0.0 ], [ 107.064263914976635, 13.031523507332279, 0.0 ], [ 107.064442752914189, 13.033806697271499, 0.0 ], [ 107.06516020984553, 13.033897116336401, 0.0 ], [ 107.067800140001779, 13.034229799160741, 0.0 ], [ 107.070440073093067, 13.034562453988842, 0.0 ], [ 107.073080008199582, 13.034895081729719, 0.0 ], [ 107.075719948065668, 13.035227680551847, 0.0 ], [ 107.076894570573529, 13.035375658843851, 0.0 ], [ 107.078409953543243, 13.035311977787744, 0.0 ], [ 107.078825808753351, 13.035294500174068, 0.0 ], [ 107.079651562702111, 13.034834982894139, 0.0 ], [ 107.080561732772438, 13.033664411722892, 0.0 ], [ 107.081504070033731, 13.032452458468326, 0.0 ], [ 107.082324997306898, 13.031810025117805, 0.0 ], [ 107.082338279079238, 13.031799631196131, 0.0 ], [ 107.084575039813984, 13.03047182018981, 0.0 ], [ 107.086851813863845, 13.029120224531789, 0.0 ], [ 107.0884537463876, 13.028169225818205, 0.0 ], [ 107.089144928544528, 13.028054533313899, 0.0 ], [ 107.089183316738144, 13.028048163401451, 0.0 ], [ 107.091380837302722, 13.0275970855708, 0.0 ], [ 107.091778314993974, 13.027357075890274, 0.0 ], [ 107.092244873278815, 13.027075350505543, 0.0 ], [ 107.093875703346797, 13.025701620408443, 0.0 ], [ 107.095894496716951, 13.024001054431817, 0.0 ], [ 107.097913262786108, 13.022300477595246, 0.0 ], [ 107.099932001550002, 13.020599889001478, 0.0 ], [ 107.101950711168641, 13.01889928867188, 0.0 ], [ 107.102121123932747, 13.018755728417997, 0.0 ], [ 107.10409828349546, 13.017397724987738, 0.0 ], [ 107.106278079905024, 13.015900508765535, 0.0 ], [ 107.108457848637229, 13.014403278950965, 0.0 ], [ 107.108957841853424, 13.014059840103943, 0.0 ], [ 107.110594714320641, 13.012832658390046, 0.0 ], [ 107.111957841617325, 13.011810689911846, 0.0 ], [ 107.108629989176009, 13.006004004933954, 0.0 ], [ 107.107601988731901, 13.005092005964487, 0.0 ], [ 107.106322175114599, 13.003306498465834, 0.0 ], [ 107.105544262471227, 13.000861322759754, 0.0 ], [ 107.104376990106417, 13.00073800378736, 0.0 ], [ 107.103618989896503, 13.000229004777442, 0.0 ], [ 107.102811878748525, 12.999640211005822, 0.0 ], [ 107.098585990728736, 12.996676004909842, 0.0 ], [ 107.099638989553995, 12.995875005303429, 0.0 ], [ 107.106263988679089, 12.994806003787073, 0.0 ], [ 107.106967987353727, 12.993771004763204, 0.0 ], [ 107.1116339876409, 12.993396003863809, 0.0 ], [ 107.117494990143683, 12.996395005417469, 0.0 ], [ 107.121669987752526, 12.997353003813858, 0.0 ], [ 107.121926989347031, 12.998378006336676, 0.0 ], [ 107.120666988008196, 13.003148005602771, 0.0 ], [ 107.121816443656698, 13.004649112316802, 0.0 ], [ 107.1230052018539, 13.00413941979644, 0.0 ], [ 107.12355558769751, 13.004018654950181, 0.0 ], [ 107.126152591839542, 13.003448814847578, 0.0 ], [ 107.12874958013056, 13.002878948739893, 0.0 ], [ 107.131346553502752, 13.002309058430448, 0.0 ], [ 107.131896555113798, 13.002188360610743, 0.0 ], [ 107.1326105790762, 13.001714714280382, 0.0 ], [ 107.133066629112534, 13.001001054835774, 0.0 ], [ 107.133291230688897, 13.000452992135376, 0.0 ], [ 107.134151792077631, 12.998353068671916, 0.0 ], [ 107.134333277166661, 12.998153279825072, 0.0 ], [ 107.136103322187338, 12.996204687950883, 0.0 ], [ 107.137873341910691, 12.994256088005802, 0.0 ], [ 107.139643333584957, 12.992307480921868, 0.0 ], [ 107.141413297199719, 12.990358864897509, 0.0 ], [ 107.141913815937997, 12.989807819214315, 0.0 ], [ 107.142403483116524, 12.988913691159199, 0.0 ], [ 107.142645558789368, 12.987977853558046, 0.0 ], [ 107.143299845009309, 12.9854484196022, 0.0 ], [ 107.143476848492284, 12.984764129443917, 0.0 ], [ 107.144759212371056, 12.983505259380344, 0.0 ], [ 107.146490077568075, 12.98180607688661, 0.0 ], [ 107.146575390558198, 12.981486790654003, 0.0 ], [ 107.147249873960817, 12.978962472126875, 0.0 ], [ 107.147924348529713, 12.976438155323214, 0.0 ], [ 107.148598814245673, 12.973913837533297, 0.0 ], [ 107.149268552782829, 12.971407169002021, 0.0 ], [ 107.149270775740931, 12.971400240963391, 0.0 ], [ 107.150069485184432, 12.968911042330197, 0.0 ], [ 107.150868180517307, 12.966421843306899, 0.0 ], [ 107.151345035610788, 12.964935667820489, 0.0 ], [ 107.151304456211435, 12.963807265664506, 0.0 ], [ 107.151210674255864, 12.961199350486181, 0.0 ], [ 107.151134894903365, 12.959091919786466, 0.0 ], [ 107.151236972684686, 12.958662732878505, 0.0 ], [ 107.151312137398847, 12.958346709718951, 0.0 ], [ 107.145826098776638, 12.959024424868547, 0.0 ], [ 107.143247201218159, 12.959342967584629, 0.0 ], [ 107.141782584007572, 12.959523864356736, 0.0 ], [ 107.140792584988674, 12.959247958649064, 0.0 ], [ 107.13955113954971, 12.958901970611375, 0.0 ], [ 107.138393191423816, 12.958382103629495, 0.0 ], [ 107.136029782197269, 12.957321014834996, 0.0 ], [ 107.13366639026394, 12.956259901371821, 0.0 ], [ 107.133587619314383, 12.956224534887035, 0.0 ], [ 107.131409877676219, 12.955031973348644, 0.0 ], [ 107.13128958877526, 12.954966100438435, 0.0 ] ], [ [ 107.10585298705729, 12.970809005253939, 0.0 ], [ 107.104489988674132, 12.972401005511621, 0.0 ], [ 107.103886989111629, 12.971869003627855, 0.0 ], [ 107.10535499011695, 12.970310005552209, 0.0 ], [ 107.10585298705729, 12.970809005253939, 0.0 ] ], [ [ 107.076313989167289, 12.993151003636649, 0.0 ], [ 107.077973991387296, 12.993721005488805, 0.0 ], [ 107.07938798703357, 12.994828005124235, 0.0 ], [ 107.078124990017486, 12.994980004640576, 0.0 ], [ 107.076174988806244, 12.994256003422288, 0.0 ], [ 107.074763991229361, 12.993653003890131, 0.0 ], [ 107.075089989155586, 12.992987006308958, 0.0 ], [ 107.076313989167289, 12.993151003636649, 0.0 ] ], [ [ 107.08279098892865, 12.996463006004053, 0.0 ], [ 107.082006988495053, 12.997987005299146, 0.0 ], [ 107.081446988857635, 12.999214003738945, 0.0 ], [ 107.08019698989601, 12.998110004913892, 0.0 ], [ 107.080864989104342, 12.997127004921875, 0.0 ], [ 107.08153498820144, 12.99644500382831, 0.0 ], [ 107.08279098892865, 12.996463006004053, 0.0 ] ], [ [ 107.099058988209762, 13.000180004503996, 0.0 ], [ 107.099256988446342, 13.001881005898987, 0.0 ], [ 107.097911990111285, 13.002247005401175, 0.0 ], [ 107.096961987617192, 13.002340004756308, 0.0 ], [ 107.096403989404124, 13.000406005860881, 0.0 ], [ 107.098057989907034, 13.000125004158701, 0.0 ], [ 107.099058988209762, 13.000180004503996, 0.0 ] ], [ [ 107.100634990454637, 13.006372006038038, 0.0 ], [ 107.099563990813749, 13.006448004257777, 0.0 ], [ 107.09883398931845, 13.003858006445203, 0.0 ], [ 107.100320991360604, 13.003648005695316, 0.0 ], [ 107.100634990454637, 13.006372006038038, 0.0 ] ], [ [ 107.105917990190434, 13.006465005540969, 0.0 ], [ 107.107143988363575, 13.008554004347342, 0.0 ], [ 107.105597988207279, 13.009101004370049, 0.0 ], [ 107.103983991774868, 13.007087005930606, 0.0 ], [ 107.104914989087348, 13.006409004426219, 0.0 ], [ 107.105917990190434, 13.006465005540969, 0.0 ] ] ] } },
{ "type": "Feature", "properties": { "Project": "SWS", "Category": "CPA", "Eng_Name": "Yuk Namram", "Prakas_Ha": 4781, "Kh_Uni": "យ៉ូកណាមរ៉ាម", "ID": 15, "Field": "យ៉ូកណាមរ៉ាម", "Field2": "4503", "Size": 4781 }, "geometry": { "type": "Polygon", "coordinates": [ [ [ 107.120267063206029, 12.954005161619726, 0.0 ], [ 107.120461205520769, 12.953869922823175, 0.0 ], [ 107.1210547559063, 12.953612418227834, 0.0 ], [ 107.122669855915518, 12.952807121289913, 0.0 ], [ 107.122676290357731, 12.952813892796371, 0.0 ], [ 107.12267944949734, 12.952811999079259, 0.0 ], [ 107.122903924614789, 12.95281016984827, 0.0 ], [ 107.123123783188547, 12.952714784127519, 0.0 ], [ 107.123318740698892, 12.952806789034096, 0.0 ], [ 107.12345952429132, 12.952805641476321, 0.0 ], [ 107.124634500963708, 12.953369919044482, 0.0 ], [ 107.125612030070101, 12.953648872546028, 0.0 ], [ 107.127465522132027, 12.953729384282809, 0.0 ], [ 107.129615605911951, 12.95428567108228, 0.0 ], [ 107.130951305261846, 12.954828599218454, 0.0 ], [ 107.131152776653678, 12.954891179175966, 0.0 ], [ 107.13128958877526, 12.954966100438435, 0.0 ], [ 107.131606902414688, 12.955095078207044, 0.0 ], [ 107.134404875586057, 12.954895529284487, 0.0 ], [ 107.13684582808007, 12.954803218362432, 0.0 ], [ 107.139883612859649, 12.955546426566601, 0.0 ], [ 107.142158955570167, 12.951171875089047, 0.0 ], [ 107.145534737444706, 12.950502468566444, 0.0 ], [ 107.145585825087196, 12.950356767979979, 0.0 ], [ 107.145908109088339, 12.950365011481619, 0.0 ], [ 107.146329246219622, 12.950283967061017, 0.0 ], [ 107.146618127328253, 12.950152295613622, 0.0 ], [ 107.14680067138616, 12.949918067050517, 0.0 ], [ 107.146718040971066, 12.949505015731329, 0.0 ], [ 107.146580914292528, 12.948885546288762, 0.0 ], [ 107.146445559727425, 12.948472928170817, 0.0 ], [ 107.146351859888625, 12.94817206004485, 0.0 ], [ 107.146228684010424, 12.947776539702142, 0.0 ], [ 107.146173745449104, 12.947518409918416, 0.0 ], [ 107.14629957998882, 12.946819198708623, 0.0 ], [ 107.146558110249728, 12.946222328595704, 0.0 ], [ 107.146977026126237, 12.94588272030656, 0.0 ], [ 107.147235438873793, 12.945652079947221, 0.0 ], [ 107.147495462047331, 12.944910484826041, 0.0 ], [ 107.148300215100392, 12.944030031306584, 0.0 ], [ 107.148647580327236, 12.943929582164294, 0.0 ], [ 107.148965917182721, 12.9441596822445, 0.0 ], [ 107.149416728048294, 12.944466264822257, 0.0 ], [ 107.149893016209873, 12.944669202528326, 0.0 ], [ 107.150341611571633, 12.944717218897734, 0.0 ], [ 107.150525036520122, 12.944586414310328, 0.0 ], [ 107.150679437106419, 12.944145549718627, 0.0 ], [ 107.150648862665449, 12.943654495352332, 0.0 ], [ 107.150696707199558, 12.943085219570273, 0.0 ], [ 107.150509071505454, 12.942724752149187, 0.0 ], [ 107.150216875754808, 12.942468579817104, 0.0 ], [ 107.150003577340442, 12.942166413289492, 0.0 ], [ 107.150042187662109, 12.942124170451399, 0.0 ], [ 107.150092464947079, 12.941971534009015, 0.0 ], [ 107.150317445093464, 12.941898869077308, 0.0 ], [ 107.150605649294548, 12.9416896251432, 0.0 ], [ 107.150813659127707, 12.941351752193244, 0.0 ], [ 107.150836916704506, 12.940989544931414, 0.0 ], [ 107.151019672786461, 12.940781170624506, 0.0 ], [ 107.151281513507385, 12.940572144609156, 0.0 ], [ 107.151464048073095, 12.940337914388499, 0.0 ], [ 107.15159252843965, 12.93994898049734, 0.0 ], [ 107.151590310648743, 12.939690416340367, 0.0 ], [ 107.151403119697946, 12.93938166248741, 0.0 ], [ 107.151091339753933, 12.93893905560271, 0.0 ], [ 107.151101800186822, 12.93890729918769, 0.0 ], [ 107.151374578740629, 12.938383325491602, 0.0 ], [ 107.151605140319134, 12.938345665669697, 0.0 ], [ 107.151919700072426, 12.938136204443488, 0.0 ], [ 107.152128814786494, 12.937927612248865, 0.0 ], [ 107.152284098373286, 12.937590173934229, 0.0 ], [ 107.152254409992935, 12.93720254536125, 0.0 ], [ 107.152150465227848, 12.936892934927267, 0.0 ], [ 107.152037977320035, 12.936557875364292, 0.0 ], [ 107.151851454987678, 12.936326690369002, 0.0 ], [ 107.152006737413885, 12.935989252286049, 0.0 ], [ 107.152346325453692, 12.935624434862607, 0.0 ], [ 107.152606607534821, 12.935234413245453, 0.0 ], [ 107.153225664394455, 12.934827569955168, 0.0 ], [ 107.153322482020059, 12.934641591264123, 0.0 ], [ 107.15359325935357, 12.934125539449418, 0.0 ], [ 107.154044691206494, 12.933852055556288, 0.0 ], [ 107.154192548674118, 12.933540000599075, 0.0 ], [ 107.154421561846178, 12.932987480194141, 0.0 ], [ 107.155111360083069, 12.931323246362521, 0.0 ], [ 107.155747501495526, 12.929788450680665, 0.0 ], [ 107.154847083914134, 12.928285644681228, 0.0 ], [ 107.154072071466871, 12.9269786386407, 0.0 ], [ 107.153928493385166, 12.926976470942924, 0.0 ], [ 107.153556573203971, 12.926488303464753, 0.0 ], [ 107.153249628961547, 12.925989399134751, 0.0 ], [ 107.153054651910054, 12.925999326173079, 0.0 ], [ 107.152711308635546, 12.925924583890682, 0.0 ], [ 107.15231502373237, 12.925824419266952, 0.0 ], [ 107.152181451545118, 12.925618654088183, 0.0 ], [ 107.151992723257266, 12.925128903381488, 0.0 ], [ 107.15196281840106, 12.924715418413195, 0.0 ], [ 107.151773425993738, 12.924148097477849, 0.0 ], [ 107.151690138548588, 12.923657477052123, 0.0 ], [ 107.151644154674813, 12.923379831163277, 0.0 ], [ 107.151603869729485, 12.923314350390131, 0.0 ], [ 107.153548407320628, 12.920212448821342, 0.0 ], [ 107.153617867598726, 12.919682037485764, 0.0 ], [ 107.154200214789711, 12.91588088752353, 0.0 ], [ 107.152450281971738, 12.909141287114682, 0.0 ], [ 107.151750765409645, 12.908301337430192, 0.0 ], [ 107.147682374674588, 12.903416018036388, 0.0 ], [ 107.144983185019356, 12.900643469918803, 0.0 ], [ 107.14411133467047, 12.893459386488216, 0.0 ], [ 107.137614505164208, 12.886580899251779, 0.0 ], [ 107.132721968871081, 12.885868181776326, 0.0 ], [ 107.132740776996101, 12.885771215705773, 0.0 ], [ 107.13234670915125, 12.885202893432968, 0.0 ], [ 107.125511585743681, 12.881811951955822, 0.0 ], [ 107.112693198841825, 12.876261799284302, 0.0 ], [ 107.112169000241877, 12.876896998961438, 0.0 ], [ 107.111666838697545, 12.878048779228674, 0.0 ], [ 107.110948644768953, 12.879596832845907, 0.0 ], [ 107.110083318182518, 12.881038471232289, 0.0 ], [ 107.109794773590593, 12.881507061873476, 0.0 ], [ 107.109066956048309, 12.881907458816709, 0.0 ], [ 107.107756037057882, 12.882527748318248, 0.0 ], [ 107.106152660146535, 12.883150384107072, 0.0 ], [ 107.104695200729367, 12.883735972860379, 0.0 ], [ 107.104563953405545, 12.885530364196567, 0.0 ], [ 107.103693780132531, 12.88639816061961, 0.0 ], [ 107.1034471656059, 12.887512010676822, 0.0 ], [ 107.103233812177976, 12.888231060505912, 0.0 ], [ 107.102838570869281, 12.889059171458946, 0.0 ], [ 107.101856613004614, 12.889676795138424, 0.0 ], [ 107.100764080819971, 12.890187702918674, 0.0 ], [ 107.100619945302952, 12.890439927498598, 0.0 ], [ 107.100238750406803, 12.89295366352548, 0.0 ], [ 107.099586690523267, 12.893676233702708, 0.0 ], [ 107.098205556775028, 12.894655718307037, 0.0 ], [ 107.097479174052197, 12.895235412781297, 0.0 ], [ 107.096567906116007, 12.895565520561961, 0.0 ], [ 107.09591105007452, 12.895714251704693, 0.0 ], [ 107.095659022965833, 12.896182540881552, 0.0 ], [ 107.095992827526942, 12.896753735993761, 0.0 ], [ 107.096252022399682, 12.897146194004875, 0.0 ], [ 107.096109670174698, 12.897613604617588, 0.0 ], [ 107.096002384226765, 12.897901398833882, 0.0 ], [ 107.095051858522169, 12.897909014856587, 0.0 ], [ 107.093812143999486, 12.898313479436121, 0.0 ], [ 107.09210103544622, 12.899187980034812, 0.0 ], [ 107.092197012585828, 12.899187505003495, 0.0 ], [ 107.091701867197884, 12.899549841949138, 0.0 ], [ 107.091375518668755, 12.899875255496092, 0.0 ], [ 107.090866969545814, 12.900273858572392, 0.0 ], [ 107.090358418753496, 12.900672460894516, 0.0 ], [ 107.089594844875151, 12.901180702733171, 0.0 ], [ 107.089085396776127, 12.901471709026646, 0.0 ], [ 107.089075293990518, 12.90148485683271, 0.0 ], [ 107.100089110094899, 12.913680235798431, 0.0 ], [ 107.100577786354464, 12.913819773523429, 0.0 ], [ 107.100580583545749, 12.914154506880573, 0.0 ], [ 107.100437137213632, 12.914490417093862, 0.0 ], [ 107.100100696156616, 12.915066989831473, 0.0 ], [ 107.099770594905735, 12.915232225958439, 0.0 ], [ 107.09980980519974, 12.915260617654331, 0.0 ], [ 107.099666756845593, 12.915644346100732, 0.0 ], [ 107.099327116404496, 12.915838365399814, 0.0 ], [ 107.09893473434748, 12.915554585253611, 0.0 ], [ 107.09849240701439, 12.915127737909838, 0.0 ], [ 107.097520237432875, 12.915470302684804, 0.0 ], [ 107.097448300950177, 12.915496619434336, 0.0 ], [ 107.097502199319834, 12.915535849464701, 0.0 ], [ 107.097293307435962, 12.916792865502847, 0.0 ], [ 107.097297797002796, 12.917330830805144, 0.0 ], [ 107.097414664824683, 12.918190695430882, 0.0 ], [ 107.097203078290107, 12.919124931337484, 0.0 ], [ 107.09713414569633, 12.919627619984459, 0.0 ], [ 107.096843746054745, 12.919881020530932, 0.0 ], [ 107.096883002140586, 12.920203506301469, 0.0 ], [ 107.096776608633405, 12.920598895153866, 0.0 ], [ 107.096411587407871, 12.92067355961759, 0.0 ], [ 107.096082529827783, 12.92067620140903, 0.0 ], [ 107.095864952595676, 12.920893149358951, 0.0 ], [ 107.096092105280107, 12.921823862992136, 0.0 ], [ 107.096095995565975, 12.922290099830029, 0.0 ], [ 107.095660540111268, 12.922688131195711, 0.0 ], [ 107.095115096816258, 12.923051176630928, 0.0 ], [ 107.094569054641028, 12.923342493316415, 0.0 ], [ 107.094131800729357, 12.923525335580612, 0.0 ], [ 107.094024804132943, 12.923848995337069, 0.0 ], [ 107.094136584973668, 12.924099166528013, 0.0 ], [ 107.0941530058968, 12.924099305010046, 0.0 ], [ 107.094100620098061, 12.924171188597303, 0.0 ], [ 107.09370172114906, 12.924568924299455, 0.0 ], [ 107.093192534865025, 12.92489580950458, 0.0 ], [ 107.093047479133688, 12.925040439863329, 0.0 ], [ 107.09301480255904, 12.925506971588057, 0.0 ], [ 107.093237167950448, 12.925863857209423, 0.0 ], [ 107.093495798275001, 12.926184584425984, 0.0 ], [ 107.093461328819217, 12.926435928846049, 0.0 ], [ 107.092843944205086, 12.926943016213327, 0.0 ], [ 107.09259069332532, 12.927267848548828, 0.0 ], [ 107.092558015339407, 12.927734380323903, 0.0 ], [ 107.092857395892111, 12.928556917218417, 0.0 ], [ 107.092751592224118, 12.929024035401444, 0.0 ], [ 107.092430294529052, 12.929959150501924, 0.0 ], [ 107.092034970379743, 12.930787258195982, 0.0 ], [ 107.09189230288743, 12.931218804645027, 0.0 ], [ 107.091867315127232, 12.931231311088128, 0.0 ], [ 107.092594229171155, 12.932773737900382, 0.0 ], [ 107.094031171887181, 12.935535909111971, 0.0 ], [ 107.093947234667993, 12.937162545354354, 0.0 ], [ 107.093862899847309, 12.938741363018512, 0.0 ], [ 107.094071882475816, 12.940413469404783, 0.0 ], [ 107.094861118696784, 12.941507044701419, 0.0 ], [ 107.094917461171747, 12.942415216683756, 0.0 ], [ 107.09451674488659, 12.943246691846628, 0.0 ], [ 107.096013470365037, 12.947433377111059, 0.0 ], [ 107.096935717289796, 12.948394360022432, 0.0 ], [ 107.097854368589438, 12.948924966952047, 0.0 ], [ 107.098920790068277, 12.949633712395141, 0.0 ], [ 107.099911681151738, 12.950056128559426, 0.0 ], [ 107.100614542277967, 12.950558050851955, 0.0 ], [ 107.101235943419695, 12.950513268109916, 0.0 ], [ 107.103699451401781, 12.951239414127361, 0.0 ], [ 107.107863989779744, 12.952468254487719, 0.0 ], [ 107.11709568200493, 12.956119331532502, 0.0 ], [ 107.120119264078738, 12.954078853385605, 0.0 ], [ 107.120267063206029, 12.954005161619726, 0.0 ] ] ] } },
{ "type": "Feature", "properties": { "Project": "SWS", "Category": "CPA", "Eng_Name": "Lao Romeat", "Prakas_Ha": 3223, "Kh_Uni": "ឡៅរមៀត", "ID": 16, "Field": "ឡៅរមៀត", "Field2": "3223", "Size": 3223 }, "geometry": { "type": "Polygon", "coordinates": [ [ [ 107.426476725090041, 12.707402422760781, 0.0 ], [ 107.426390542476085, 12.707897443155019, 0.0 ], [ 107.42632067422754, 12.708232775434888, 0.0 ], [ 107.426275608141196, 12.708615693239755, 0.0 ], [ 107.426449681089892, 12.708996605478333, 0.0 ], [ 107.427040180637036, 12.70963667765362, 0.0 ], [ 107.427508257649535, 12.710206150391567, 0.0 ], [ 107.4280006862611, 12.710775397970581, 0.0 ], [ 107.428004093865809, 12.711133965425551, 0.0 ], [ 107.427959939381637, 12.711612500521413, 0.0 ], [ 107.427893708130995, 12.712330304529161, 0.0 ], [ 107.42768070107455, 12.712977732573634, 0.0 ], [ 107.427392600510558, 12.713410689696234, 0.0 ], [ 107.42705557334456, 12.713820188508679, 0.0 ], [ 107.427036903059985, 12.714418024207612, 0.0 ], [ 107.42712146348066, 12.715056383924953, 0.0 ], [ 107.427518230097974, 12.715378191502996, 0.0 ], [ 107.42804681131318, 12.715628007073143, 0.0 ], [ 107.428487826953329, 12.715910844633891, 0.0 ], [ 107.429369178714964, 12.716404802892761, 0.0 ], [ 107.429858668464746, 12.716663286140614, 0.0 ], [ 107.430301506639111, 12.717137355364018, 0.0 ], [ 107.430695194074104, 12.717564061246648, 0.0 ], [ 107.430896589322842, 12.718255502082807, 0.0 ], [ 107.430828547582408, 12.718782070037618, 0.0 ], [ 107.430860862555889, 12.719618500811379, 0.0 ], [ 107.430963041529324, 12.720119599665422, 0.0 ], [ 107.431184692514563, 12.720380537665646, 0.0 ], [ 107.431603875071488, 12.720926538614476, 0.0 ], [ 107.43195183121199, 12.721664445268443, 0.0 ], [ 107.432300928623732, 12.722521873061728, 0.0 ], [ 107.432505751807668, 12.72357187686096, 0.0 ], [ 107.43246229256583, 12.724122125058024, 0.0 ], [ 107.432422477940364, 12.725054843200693, 0.0 ], [ 107.432570857185056, 12.72529254500434, 0.0 ], [ 107.432722200187641, 12.725841003505511, 0.0 ], [ 107.43275179170611, 12.726390580468163, 0.0 ], [ 107.432759768599936, 12.727227232997866, 0.0 ], [ 107.432909745347146, 12.72763226513003, 0.0 ], [ 107.433106372042715, 12.727821709758871, 0.0 ], [ 107.433594520304837, 12.727936755399702, 0.0 ], [ 107.434154123471245, 12.72788379772917, 0.0 ], [ 107.434519835647464, 12.727928248088249, 0.0 ], [ 107.435204612607421, 12.728232733690193, 0.0 ], [ 107.43552459080037, 12.728588386641086, 0.0 ], [ 107.435944025499339, 12.729158281151669, 0.0 ], [ 107.436808623072835, 12.730441269280158, 0.0 ], [ 107.437178677408667, 12.730939896337311, 0.0 ], [ 107.437741711739037, 12.731245494340049, 0.0 ], [ 107.437869862417202, 12.731913692719406, 0.0 ], [ 107.438098616871159, 12.732915652931926, 0.0 ], [ 107.439050583736048, 12.733145944796908, 0.0 ], [ 107.439782707880966, 12.733306540929135, 0.0 ], [ 107.440368957696577, 12.733492386083737, 0.0 ], [ 107.441004137881706, 12.733701684424949, 0.0 ], [ 107.441372604210017, 12.734032974347128, 0.0 ], [ 107.441428857711642, 12.734821363057717, 0.0 ], [ 107.442019461506902, 12.73546138391292, 0.0 ], [ 107.442054114966652, 12.736536847327489, 0.0 ], [ 107.442089456540714, 12.737684023920547, 0.0 ], [ 107.442173731205628, 12.738854654572819, 0.0 ], [ 107.442275717390643, 12.739331838232134, 0.0 ], [ 107.442379765635195, 12.740024160726316, 0.0 ], [ 107.44274915956251, 12.740451062791573, 0.0 ], [ 107.442999318760357, 12.741142034303206, 0.0 ], [ 107.443277726877312, 12.742239151381485, 0.0 ], [ 107.443550179323736, 12.742714758895346, 0.0 ], [ 107.443602550414411, 12.743096775092235, 0.0 ], [ 107.442558864866513, 12.743465011446171, 0.0 ], [ 107.442121450119501, 12.743564676884343, 0.0 ], [ 107.441930301617248, 12.743948942592068, 0.0 ], [ 107.442081681485348, 12.744497389381193, 0.0 ], [ 107.442307264354369, 12.745164682053943, 0.0 ], [ 107.442409712948034, 12.745689673495248, 0.0 ], [ 107.442804157100241, 12.746188061179661, 0.0 ], [ 107.443293947978177, 12.746470410890613, 0.0 ], [ 107.443858171663734, 12.746895508724903, 0.0 ], [ 107.444639729976458, 12.747127345524245, 0.0 ], [ 107.445202350801878, 12.747385110742432, 0.0 ], [ 107.445448854713035, 12.747693611615519, 0.0 ], [ 107.445575205235272, 12.748170567585003, 0.0 ], [ 107.445797128224427, 12.748455388538341, 0.0 ], [ 107.446455554790191, 12.748544921051945, 0.0 ], [ 107.4467753473606, 12.748876647766922, 0.0 ], [ 107.447070559274138, 12.749184695649729, 0.0 ], [ 107.447246995874409, 12.749804623324755, 0.0 ], [ 107.447522682022523, 12.750614882023553, 0.0 ], [ 107.447647659263339, 12.750948410959033, 0.0 ], [ 107.448093814794504, 12.751757088809857, 0.0 ], [ 107.448710441154603, 12.752564185836562, 0.0 ], [ 107.448838640898813, 12.753232370744076, 0.0 ], [ 107.449015317108476, 12.753876199446543, 0.0 ], [ 107.449193373391353, 12.754663452628298, 0.0 ], [ 107.449440580153862, 12.755043659382967, 0.0 ], [ 107.449545351913031, 12.755807685513851, 0.0 ], [ 107.449940057530384, 12.756329960465186, 0.0 ], [ 107.450461822316413, 12.757400898111168, 0.0 ], [ 107.450832138965467, 12.758232764567744, 0.0 ], [ 107.504227433197897, 12.772431688612595, 0.0 ], [ 107.504011034452091, 12.770092983218817, 0.0 ], [ 107.502919757321493, 12.770546179927454, 0.0 ], [ 107.503855978623321, 12.767437375473127, 0.0 ], [ 107.50301005664744, 12.7666229671457, 0.0 ], [ 107.500037349985234, 12.765828701000283, 0.0 ], [ 107.498558148153649, 12.766159022233044, 0.0 ], [ 107.49918460937306, 12.764318437529225, 0.0 ], [ 107.498782389929445, 12.762740642983911, 0.0 ], [ 107.497061552774099, 12.764718106388161, 0.0 ], [ 107.496544105571957, 12.764533206077331, 0.0 ], [ 107.497290783592959, 12.761805791128969, 0.0 ], [ 107.501222483407076, 12.75525240157733, 0.0 ], [ 107.500064328351058, 12.755453153747036, 0.0 ], [ 107.499606378090419, 12.754761582326841, 0.0 ], [ 107.500556285668864, 12.753044467560589, 0.0 ], [ 107.498883819602383, 12.753376606478836, 0.0 ], [ 107.499126700258898, 12.751855973698868, 0.0 ], [ 107.496351233194005, 12.751439351559227, 0.0 ], [ 107.496146739989257, 12.750302528076936, 0.0 ], [ 107.497731178755728, 12.747567204350471, 0.0 ], [ 107.498750490254707, 12.746355555636784, 0.0 ], [ 107.498798182549365, 12.744646974488521, 0.0 ], [ 107.49847162712534, 12.74420721127446, 0.0 ], [ 107.496739726596914, 12.745046001023075, 0.0 ], [ 107.498333439527343, 12.743259555015445, 0.0 ], [ 107.496850638239152, 12.743210293425895, 0.0 ], [ 107.496900207125819, 12.741691485395661, 0.0 ], [ 107.495783010366623, 12.739487780602138, 0.0 ], [ 107.496734767904528, 12.737960459075243, 0.0 ], [ 107.49729739221452, 12.736183751706989, 0.0 ], [ 107.495616975857359, 12.735693491762857, 0.0 ], [ 107.496111450474132, 12.733537842580056, 0.0 ], [ 107.497069383183927, 12.732643107294829, 0.0 ], [ 107.496165366066336, 12.732461842468766, 0.0 ], [ 107.495773774893635, 12.731959420714555, 0.0 ], [ 107.495890275906817, 12.730693036993483, 0.0 ], [ 107.495044519343978, 12.729878573705463, 0.0 ], [ 107.494965851557978, 12.728424235804663, 0.0 ], [ 107.494514779004177, 12.728428486624525, 0.0 ], [ 107.494380953944159, 12.727923632060133, 0.0 ], [ 107.493790493919832, 12.726853699288483, 0.0 ], [ 107.49255936183657, 12.726169381762125, 0.0 ], [ 107.492680207408213, 12.725345807145141, 0.0 ], [ 107.492448627699815, 12.724484544050776, 0.0 ], [ 107.426476725090041, 12.707402422760781, 0.0 ] ] ] } },
{ "type": "Feature", "properties": { "Project": "SWS", "Category": "CPA", "Eng_Name": "Krang Ropuk", "Prakas_Ha": 1184, "Kh_Uni": "ក្រង់រពុក", "ID": 17, "Field": "ក្រង់រពុក", "Field2": "1164", "Size": 1184 }, "geometry": { "type": "Polygon", "coordinates": [ [ [ 107.152664982929252, 12.805705033019496, 0.0 ], [ 107.150711423300208, 12.790152797327833, 0.0 ], [ 107.140974482729931, 12.788490411732894, 0.0 ], [ 107.140971264488613, 12.788488877157894, 0.0 ], [ 107.140938379366602, 12.788477883068726, 0.0 ], [ 107.140903826020761, 12.788474346408025, 0.0 ], [ 107.140895699521408, 12.78847462116406, 0.0 ], [ 107.140701166545284, 12.788327790470172, 0.0 ], [ 107.140070373656798, 12.787845696611264, 0.0 ], [ 107.139660261789302, 12.787527288041632, 0.0 ], [ 107.139452367489085, 12.787443286904338, 0.0 ], [ 107.139072646775773, 12.787295940428526, 0.0 ], [ 107.138690269885103, 12.787155366534327, 0.0 ], [ 107.138437057851462, 12.787066507745548, 0.0 ], [ 107.138422272758405, 12.787044323995884, 0.0 ], [ 107.1383403830486, 12.786929429316988, 0.0 ], [ 107.138252477778209, 12.786818898626148, 0.0 ], [ 107.138220254888026, 12.786781206659642, 0.0 ], [ 107.137707325719333, 12.786114627095225, 0.0 ], [ 107.137087236752222, 12.784804556593427, 0.0 ], [ 107.135742360711944, 12.784217679167909, 0.0 ], [ 107.133951072535325, 12.783997701886401, 0.0 ], [ 107.133422052692126, 12.78351913159988, 0.0 ], [ 107.131960401778286, 12.783530950578605, 0.0 ], [ 107.131232583388424, 12.783895496926814, 0.0 ], [ 107.130844615298869, 12.784233511485468, 0.0 ], [ 107.130385966713916, 12.784619665720804, 0.0 ], [ 107.129654134038248, 12.784506021571595, 0.0 ], [ 107.129464610605822, 12.784370733553923, 0.0 ], [ 107.129039136360447, 12.784039088864768, 0.0 ], [ 107.128264398816668, 12.784175724250293, 0.0 ], [ 107.127838164434294, 12.784288123736756, 0.0 ], [ 107.127085111060211, 12.78463725618195, 0.0 ], [ 107.126020445002737, 12.78466179662696, 0.0 ], [ 107.125886202910522, 12.785133585798693, 0.0 ], [ 107.124431243068429, 12.785145310447053, 0.0 ], [ 107.12329427883455, 12.784300811018474, 0.0 ], [ 107.122724696625141, 12.783260265403237, 0.0 ], [ 107.121969771115801, 12.782412683711899, 0.0 ], [ 107.121349964415899, 12.782170347796239, 0.0 ], [ 107.120007306192164, 12.782311563181015, 0.0 ], [ 107.118883128099824, 12.781711487530714, 0.0 ], [ 107.11792929955358, 12.781011385023733, 0.0 ], [ 107.117447338138845, 12.779954797174867, 0.0 ], [ 107.117351139377689, 12.779399167779209, 0.0 ], [ 107.116821727869478, 12.779468437052364, 0.0 ], [ 107.115846303974322, 12.779356705958888, 0.0 ], [ 107.114247372138564, 12.779444483897279, 0.0 ], [ 107.112991210571948, 12.778975571004374, 0.0 ], [ 107.111901083295336, 12.77854147235572, 0.0 ], [ 107.110801600926195, 12.778089367979907, 0.0 ], [ 107.110773287933725, 12.778079612816652, 0.0 ], [ 107.107366491100748, 12.776905825232253, 0.0 ], [ 107.106253246123273, 12.774790943048551, 0.0 ], [ 107.105096604589676, 12.772992704920748, 0.0 ], [ 107.100684445903951, 12.771672252780547, 0.0 ], [ 107.097836890215348, 12.77069424990427, 0.0 ], [ 107.09721255110226, 12.770479812635172, 0.0 ], [ 107.09597660807178, 12.769882965443538, 0.0 ], [ 107.09500315057241, 12.769412868298733, 0.0 ], [ 107.093909698236814, 12.770804263601736, 0.0 ], [ 107.093392343790157, 12.772655953545254, 0.0 ], [ 107.09273801488348, 12.77499786866856, 0.0 ], [ 107.092709272530925, 12.775118065307987, 0.0 ], [ 107.091856771638007, 12.778683076813024, 0.0 ], [ 107.093684232398957, 12.78032242313399, 0.0 ], [ 107.094388293198676, 12.783073236888473, 0.0 ], [ 107.097544697697117, 12.783951890948167, 0.0 ], [ 107.099660354365255, 12.785914236984658, 0.0 ], [ 107.103304500107683, 12.787864372473161, 0.0 ], [ 107.104585634755139, 12.788824513595078, 0.0 ], [ 107.106705038535239, 12.79041285862283, 0.0 ], [ 107.110053230415161, 12.79773339987516, 0.0 ], [ 107.113797146225124, 12.797260564129934, 0.0 ], [ 107.120983492116196, 12.799913984175149, 0.0 ], [ 107.130802976880716, 12.802491672127468, 0.0 ], [ 107.152664982929252, 12.805705033019496, 0.0 ] ] ] } },
{ "type": "Feature", "properties": { "Project": "PPWS", "Category": "CPA", "Eng_Name": "Phnom Kduk", "Prakas_Ha": 2815, "Kh_Uni": "ភ្នំក្តុក", "ID": 18, "Field": "ភ្នំក្តុក", "Field2": "2815", "Size": 2815 }, "geometry": { "type": "Polygon", "coordinates": [ [ [ 106.931913740208387, 12.623427650899798, 0.0 ], [ 106.929180513024704, 12.628589487893937, 0.0 ], [ 106.931079853870045, 12.635431829978607, 0.0 ], [ 106.934725388704152, 12.642362297487788, 0.0 ], [ 106.942993473773413, 12.64956148314031, 0.0 ], [ 106.946521609243149, 12.654476091390224, 0.0 ], [ 106.946188899658111, 12.664762543303969, 0.0 ], [ 106.94600267108143, 12.667284497971238, 0.0 ], [ 106.949189408841988, 12.667765287874923, 0.0 ], [ 106.950438369764299, 12.669974249868627, 0.0 ], [ 106.949234620911724, 12.673713541795514, 0.0 ], [ 106.947966569935119, 12.674198532788004, 0.0 ], [ 106.948335614166425, 12.677949209690137, 0.0 ], [ 106.949251302791254, 12.679180021683651, 0.0 ], [ 106.951341824819295, 12.680443659034703, 0.0 ], [ 106.979497870263884, 12.677386113024864, 0.0 ], [ 106.979615820641001, 12.677348434394375, 0.0 ], [ 106.981335975486857, 12.6766826289157, 0.0 ], [ 106.982716413301574, 12.676350343281294, 0.0 ], [ 106.98359343557118, 12.676384517912386, 0.0 ], [ 106.983897755492777, 12.675937129342563, 0.0 ], [ 106.984330543850191, 12.675661631649019, 0.0 ], [ 106.984448152108868, 12.675099271188264, 0.0 ], [ 106.984787681954927, 12.674226614209319, 0.0 ], [ 106.985256164516684, 12.664852601835149, 0.0 ], [ 106.984026165601065, 12.660387164909679, 0.0 ], [ 106.985768043286072, 12.65482290693059, 0.0 ], [ 106.985576856320947, 12.653226936447123, 0.0 ], [ 106.98525239643125, 12.652586602046885, 0.0 ], [ 106.985089123165082, 12.652264374933992, 0.0 ], [ 106.984287072723717, 12.651419325747645, 0.0 ], [ 106.983542019810827, 12.648748897931053, 0.0 ], [ 106.983760783955603, 12.648114063704096, 0.0 ], [ 106.984546820052685, 12.647367419584345, 0.0 ], [ 106.984703671159735, 12.647084684964117, 0.0 ], [ 106.984782823611809, 12.646689763643021, 0.0 ], [ 106.984834586069184, 12.646329188428194, 0.0 ], [ 106.984789124958084, 12.645543014103126, 0.0 ], [ 106.984435182044535, 12.644289971015411, 0.0 ], [ 106.983494916769104, 12.643261360836478, 0.0 ], [ 106.981705328330193, 12.642728028898453, 0.0 ], [ 106.980618717383791, 12.642147591957491, 0.0 ], [ 106.978398475338295, 12.639313885936275, 0.0 ], [ 106.972449359995792, 12.632437741425466, 0.0 ], [ 106.970663966172495, 12.622886727287474, 0.0 ], [ 106.968584704979989, 12.620618706835382, 0.0 ], [ 106.964209176804061, 12.619940872043749, 0.0 ], [ 106.963327334004433, 12.617001724859024, 0.0 ], [ 106.96190880485041, 12.616959396353526, 0.0 ], [ 106.959133269664704, 12.617258791076058, 0.0 ], [ 106.953076277547041, 12.615692992137651, 0.0 ], [ 106.950090123701727, 12.620702948605745, 0.0 ], [ 106.94518074335771, 12.623225589186195, 0.0 ], [ 106.941114416762389, 12.625019199589397, 0.0 ], [ 106.935209553094964, 12.623531183433588, 0.0 ], [ 106.931913740208387, 12.623427650899798, 0.0 ] ] ] } }
]
}
